Abagael,Female,49
Abagail,Female,39
Abbe,Female,38
Abbey,Female,82
Abbi,Female,36
Abbie,Female,71
Abby,Female,85
Abigael,Female,97
Abigail,Female,20
Abigale,Female,96
Abra,Female,61
Acacia,Female,99
Ada,Female,95
Adah,Female,92
Adaline,Female,59
Adara,Female,43
Addie,Female,69
Addis,Female,64
Adel,Female,77
Adela,Female,50
Adelaide,Female,23
Adele,Female,82
Adelice,Female,23
Adelina,Female,79
Adelind,Female,70
Adeline,Female,64
Adella,Female,80
Adelle,Female,83
Adena,Female,60
Adey,Female,81
Adi,Female,53
Adiana,Female,77
Adina,Female,91
Adora,Female,50
Adore,Female,80
Adoree,Female,62
Adorne,Female,25
Adrea,Female,30
Adria,Female,59
Adriaens,Female,70
Adrian,Female,49
Adriana,Female,20
Adriane,Female,77
Adrianna,Female,50
Adrianne,Female,57
Adrien,Female,95
Adriena,Female,23
Adrienne,Female,32
Aeriel,Female,52
Aeriela,Female,60
Aeriell,Female,56
Ag,Female,50
Agace,Female,24
Agata,Female,56
Agatha,Female,61
Agathe,Female,67
Aggi,Female,75
Aggie,Female,48
Aggy,Female,92
Agna,Female,61
Agnella,Female,26
Agnes,Female,66
Agnese,Female,94
Agnesse,Female,79
Agneta,Female,95
Agnola,Female,86
Agretha,Female,83
Aida,Female,63
Aidan,Female,82
Aigneis,Female,27
Aila,Female,23
Aile,Female,93
Ailee,Female,78
Aileen,Female,28
Ailene,Female,92
Ailey,Female,54
Aili,Female,43
Ailina,Female,95
Ailyn,Female,80
Aime,Female,64
Aimee,Female,71
Aimil,Female,83
Aina,Female,22
Aindrea,Female,27
Ainslee,Female,30
Ainsley,Female,28
Ainslie,Female,76
Ajay,Female,54
Alaine,Female,79
Alameda,Female,32
Alana,Female,62
Alanah,Female,44
Alane,Female,84
Alanna,Female,92
Alayne,Female,79
Alberta,Female,94
Albertina,Female,57
Albertine,Female,20
Albina,Female,28
Alecia,Female,71
Aleda,Female,59
Aleece,Female,95
Aleecia,Female,96
Aleen,Female,26
Alejandra,Female,61
Alejandrina,Female,24
Alena,Female,67
Alene,Female,56
Alessandra,Female,82
Aleta,Female,44
Alethea,Female,40
Alex,Female,91
Alexa,Female,92
Alexandra,Female,29
Alexandrina,Female,59
Alexi,Female,39
Alexia,Female,44
Alexina,Female,29
Alexine,Female,48
Alexis,Female,97
Alfie,Female,72
Alfreda,Female,99
Ali,Female,25
Alia,Female,35
Alica,Female,90
Alice,Female,48
Alicea,Female,99
Alicia,Female,99
Alida,Female,75
Alidia,Female,36
Alina,Female,78
Aline,Female,20
Alis,Female,35
Alisa,Female,85
Alisha,Female,20
Alison,Female,48
Alissa,Female,27
Alisun,Female,49
Alix,Female,29
Aliza,Female,99
Alla,Female,89
Alleen,Female,32
Allegra,Female,92
Allene,Female,57
Alli,Female,50
Allianora,Female,54
Allie,Female,82
Allina,Female,94
Allis,Female,89
Allison,Female,55
Allissa,Female,28
Allsun,Female,25
Ally,Female,55
Allyce,Female,82
Allyn,Female,79
Allys,Female,51
Allyson,Female,48
Alma,Female,44
Almeda,Female,29
Almeria,Female,32
Almeta,Female,20
Almira,Female,68
Almire,Female,38
Aloise,Female,31
Aloisia,Female,48
Aloysia,Female,26
Alpa,Female,67
Alta,Female,33
Althea,Female,99
Alvera,Female,50
Alvina,Female,34
Alvinia,Female,55
Alvira,Female,83
Alyce,Female,79
Alyda,Female,62
Alys,Female,39
Alysa,Female,22
Alyse,Female,34
Alysia,Female,72
Alyson,Female,81
Alyss,Female,43
Alyssa,Female,38
Amabel,Female,40
Amabelle,Female,35
Amalea,Female,62
Amalee,Female,33
Amaleta,Female,41
Amalia,Female,46
Amalie,Female,69
Amalita,Female,33
Amalle,Female,65
Amanda,Female,47
Amandi,Female,44
Amandie,Female,47
Amandy,Female,24
Amara,Female,24
Amargo,Female,37
Amata,Female,46
Amber,Female,36
Amberly,Female,32
Ambrosia,Female,47
Ambur,Female,87
Ame,Female,73
Amelia,Female,33
Amelie,Female,99
Amelina,Female,94
Ameline,Female,96
Amelita,Female,59
Ami,Female,43
Amie,Female,77
Amity,Female,62
Ammamaria,Female,29
Amy,Female,68
Ana,Female,40
Anabel,Female,44
Anabella,Female,24
Anabelle,Female,20
Anais,Female,59
Analiese,Female,79
Analise,Female,46
Anallese,Female,42
Anallise,Female,75
Anastasia,Female,98
Anastasie,Female,92
Anastassia,Female,60
Anatola,Female,46
Andee,Female,75
Andi,Female,44
Andie,Female,29
Andra,Female,56
Andrea,Female,54
Andreana,Female,48
Andree,Female,23
Andrei,Female,73
Andria,Female,66
Andriana,Female,98
Andriette,Female,81
Andromache,Female,54
Andromeda,Female,95
Andy,Female,50
Anestassia,Female,53
Anet,Female,38
Anett,Female,84
Anetta,Female,77
Anette,Female,74
Ange,Female,94
Angel,Female,42
Angela,Female,89
Angele,Female,27
Angelia,Female,67
Angelica,Female,44
Angelika,Female,59
Angelina,Female,49
Angeline,Female,43
Angelique,Female,31
Angelita,Female,85
Angelle,Female,81
Angie,Female,57
Angil,Female,39
Angy,Female,56
Ania,Female,75
Anica,Female,28
Anissa,Female,59
Anita,Female,58
Anitra,Female,81
Anja,Female,82
Anjanette,Female,44
Anjela,Female,34
Ann,Female,42
Anna,Female,96
Annabal,Female,31
Annabel,Female,93
Annabela,Female,81
Annabell,Female,50
Annabella,Female,42
Annabelle,Female,99
Annadiana,Female,23
Anna-Diana,Female,87
Annadiane,Female,70
Anna-Diane,Female,50
Annalee,Female,32
Annalena,Female,35
Annaliese,Female,51
Annalisa,Female,67
Annalise,Female,43
Annalyse,Female,62
Annamari,Female,97
Annamaria,Female,76
Anna-Maria,Female,70
Annamarie,Female,24
Anne,Female,25
Annecorinne,Female,80
Anne-Corinne,Female,68
Anneliese,Female,25
Annelise,Female,73
Anne-Mar,Female,67
Annemarie,Female,24
Anne-Marie,Female,28
Annetta,Female,59
Annette,Female,52
Anni,Female,45
Annice,Female,30
Annie,Female,51
Annissa,Female,82
Ann-Mari,Female,77
Annmaria,Female,23
Annmarie,Female,77
Ann-Marie,Female,58
Annnora,Female,72
Annora,Female,21
Anny,Female,73
Anselma,Female,72
Ansley,Female,31
Anstice,Female,73
Anthe,Female,26
Anthea,Female,71
Anthia,Female,25
Antoinette,Female,76
Antonella,Female,83
Antonetta,Female,84
Antonia,Female,44
Antonie,Female,89
Antonietta,Female,33
Antonina,Female,22
Anya,Female,59
Aphrodite,Female,89
Appolonia,Female,72
April,Female,48
Aprilette,Female,41
Ara,Female,82
Arabel,Female,56
Arabela,Female,51
Arabele,Female,85
Arabella,Female,48
Arabelle,Female,65
Arda,Female,82
Ardath,Female,91
Ardeen,Female,47
Ardelia,Female,73
Ardelis,Female,29
Ardella,Female,54
Ardelle,Female,63
Arden,Female,52
Ardene,Female,73
Ardenia,Female,82
Ardine,Female,82
Ardis,Female,97
Ardith,Female,89
Ardra,Female,65
Ardyce,Female,95
Ardys,Female,51
Ardyth,Female,23
Aretha,Female,55
Ariadne,Female,85
Ariana,Female,96
Arianne,Female,73
Aridatha,Female,67
Ariel,Female,86
Ariela,Female,98
Ariella,Female,81
Arielle,Female,42
Arlana,Female,39
Arlee,Female,31
Arleen,Female,94
Arlen,Female,76
Arlena,Female,52
Arlene,Female,40
Arleta,Female,98
Arlette,Female,70
Arleyne,Female,56
Arlie,Female,73
Arliene,Female,25
Arlina,Female,45
Arlinda,Female,43
Arline,Female,40
Arly,Female,98
Arlyn,Female,81
Arlyne,Female,86
Aryn,Female,57
Ashely,Female,23
Ashlee,Female,90
Ashleigh,Female,86
Ashlen,Female,21
Ashley,Female,94
Ashli,Female,49
Ashlie,Female,52
Ashly,Female,48
Asia,Female,96
Astra,Female,88
Astrid,Female,45
Astrix,Female,36
Atalanta,Female,30
Athena,Female,83
Athene,Female,85
Atlanta,Female,54
Atlante,Female,34
Auberta,Female,80
Aubine,Female,85
Aubree,Female,32
Aubrette,Female,67
Aubrey,Female,60
Aubrie,Female,48
Aubry,Female,27
Audi,Female,55
Audie,Female,44
Audra,Female,81
Audre,Female,83
Audrey,Female,37
Audrie,Female,46
Audry,Female,67
Audrye,Female,87
Audy,Female,63
Augusta,Female,37
Auguste,Female,20
Augustina,Female,42
Augustine,Female,57
Aura,Female,95
Aurea,Female,88
Aurel,Female,81
Aurelea,Female,35
Aurelia,Female,23
Aurelie,Female,37
Auria,Female,57
Aurie,Female,40
Aurilia,Female,60
Aurlie,Female,63
Auroora,Female,42
Aurora,Female,26
Aurore,Female,71
Austin,Female,89
Austina,Female,49
Austine,Female,94
Ava,Female,61
Aveline,Female,66
Averil,Female,90
Averyl,Female,92
Avie,Female,85
Avis,Female,65
Aviva,Female,86
Avivah,Female,86
Avril,Female,53
Avrit,Female,76
Ayn,Female,67
Bab,Female,50
Babara,Female,93
Babette,Female,96
Babita,Female,46
Babs,Female,23
Bambi,Female,45
Bambie,Female,70
Bamby,Female,71
Barb,Female,88
Barbabra,Female,38
Barbara,Female,31
Barbaraanne,Female,47
Barbara-Anne,Female,38
Barbe,Female,97
Barbee,Female,38
Barbette,Female,37
Barbey,Female,84
Barbi,Female,81
Barbie,Female,85
Barbra,Female,89
Barby,Female,83
Bari,Female,54
Barrie,Female,67
Barry,Female,86
Basia,Female,86
Bathsheba,Female,63
Batsheva,Female,64
Bea,Female,73
Beatrice,Female,30
Beatrisa,Female,83
Beatrix,Female,58
Beatriz,Female,32
Beau,Female,78
Bebe,Female,98
Becca,Female,49
Becka,Female,51
Becki,Female,89
Beckie,Female,23
Becky,Female,72
Bee,Female,28
Beilul,Female,27
Beitris,Female,47
Bekki,Female,56
Bel,Female,22
Belia,Female,88
Belicia,Female,53
Belinda,Female,98
Belita,Female,79
Bell,Female,92
Bella,Female,75
Bellamy,Female,40
Bellanca,Female,74
Belle,Female,66
Bellina,Female,86
Belva,Female,86
Belvia,Female,89
Bendite,Female,36
Benedetta,Female,81
Benedicta,Female,34
Benedikta,Female,86
Benetta,Female,61
Benita,Female,98
Benni,Female,94
Bennie,Female,30
Benny,Female,67
Benoite,Female,33
Berenice,Female,87
Beret,Female,41
Berget,Female,24
Berna,Female,50
Bernadene,Female,30
Bernadette,Female,54
Bernadina,Female,52
Bernadine,Female,22
Bernardina,Female,83
Bernardine,Female,25
Bernelle,Female,73
Bernete,Female,50
Bernetta,Female,78
Bernette,Female,88
Berni,Female,32
Bernice,Female,98
Bernie,Female,98
Bernita,Female,22
Berny,Female,79
Berri,Female,88
Berrie,Female,41
Berry,Female,22
Bert,Female,49
Berta,Female,53
Berte,Female,69
Bertha,Female,60
Berthe,Female,40
Berti,Female,41
Bertie,Female,40
Bertina,Female,88
Bertine,Female,81
Berty,Female,39
Beryl,Female,81
Beryle,Female,82
Bess,Female,67
Bessie,Female,99
Bessy,Female,90
Beth,Female,79
Bethanne,Female,84
Bethany,Female,48
Bethena,Female,67
Bethina,Female,69
Betsey,Female,81
Betsy,Female,46
Betta,Female,66
Bette,Female,65
Betteann,Female,51
Bette-Ann,Female,49
Betteanne,Female,73
Betti,Female,66
Bettie,Female,25
Bettina,Female,36
Bettine,Female,62
Betty,Female,27
Bettye,Female,64
Beulah,Female,53
Bev,Female,46
Beverie,Female,20
Beverlee,Female,66
Beverlie,Female,83
Beverly,Female,36
Bevvy,Female,30
Bianca,Female,22
Bianka,Female,28
Biddy,Female,89
Bidget,Female,75
Bill,Female,49
Billi,Female,78
Billie,Female,52
Billy,Female,64
Binni,Female,62
Binnie,Female,27
Binny,Female,90
Bird,Female,99
Birdie,Female,25
Birgit,Female,61
Birgitta,Female,90
Blair,Female,52
Blaire,Female,20
Blake,Female,40
Blakelee,Female,93
Blakeley,Female,57
Blanca,Female,85
Blanch,Female,73
Blancha,Female,28
Blanche,Female,49
Blinni,Female,74
Blinnie,Female,62
Blinny,Female,97
Bliss,Female,51
Blisse,Female,52
Blithe,Female,20
Blondell,Female,83
Blondelle,Female,29
Blondie,Female,72
Blondy,Female,37
Blythe,Female,51
Bo,Female,51
Bobbette,Female,99
Bobbi,Female,62
Bobbie,Female,99
Bobby,Female,53
Bobette,Female,21
Bobina,Female,44
Bobine,Female,30
Bobinette,Female,20
Bonita,Female,45
Bonnee,Female,80
Bonni,Female,48
Bonnie,Female,95
Bonny,Female,91
Brana,Female,45
Brandais,Female,56
Brande,Female,29
Brandea,Female,22
Brandi,Female,96
Brandice,Female,42
Brandie,Female,51
Brandise,Female,69
Brandy,Female,61
Brea,Female,22
Breanne,Female,51
Brear,Female,23
Bree,Female,26
Breena,Female,67
Bren,Female,69
Brena,Female,98
Brenda,Female,81
Brenn,Female,44
Brenna,Female,77
Brett,Female,24
Bria,Female,61
Briana,Female,87
Brianna,Female,88
Brianne,Female,74
Bride,Female,31
Bridget,Female,71
Bridgett,Female,32
Bridgette,Female,82
Bridie,Female,52
Brier,Female,65
Brietta,Female,61
Brigid,Female,71
Brigida,Female,53
Brigit,Female,48
Brigitta,Female,65
Brigitte,Female,27
Brina,Female,43
Briney,Female,95
Briny,Female,75
Brit,Female,51
Brita,Female,66
Britaney,Female,35
Britani,Female,72
Briteny,Female,61
Britney,Female,91
Britni,Female,22
Britt,Female,94
Britta,Female,78
Brittan,Female,40
Brittany,Female,92
Britte,Female,88
Brittney,Female,48
Brook,Female,40
Brooke,Female,56
Brooks,Female,70
Brunella,Female,46
Brunhilda,Female,94
Brunhilde,Female,27
Bryana,Female,41
Bryn,Female,67
Bryna,Female,73
Brynn,Female,20
Brynna,Female,71
Brynne,Female,37
Buffy,Female,22
Bunni,Female,88
Bunnie,Female,55
Bunny,Female,85
Burta,Female,38
Cabrina,Female,68
Cacilia,Female,45
Cacilie,Female,94
Caitlin,Female,77
Caitrin,Female,99
Cal,Female,87
Calida,Female,82
Calla,Female,81
Calley,Female,21
Calli,Female,41
Callida,Female,44
Callie,Female,75
Cally,Female,97
Calypso,Female,84
Cam,Female,46
Camala,Female,45
Camel,Female,69
Camella,Female,47
Camellia,Female,55
Cameo,Female,77
Cami,Female,89
Camila,Female,45
Camile,Female,83
Camilla,Female,39
Camille,Female,77
Cammi,Female,30
Cammie,Female,44
Cammy,Female,72
Canada,Female,42
Candace,Female,36
Candi,Female,87
Candice,Female,49
Candida,Female,85
Candide,Female,61
Candie,Female,64
Candis,Female,46
Candra,Female,95
Candy,Female,74
Cappella,Female,92
Caprice,Female,60
Cara,Female,31
Caralie,Female,32
Caren,Female,47
Carena,Female,89
Caresa,Female,83
Caressa,Female,23
Caresse,Female,80
Carey,Female,29
Cari,Female,38
Caria,Female,66
Carie,Female,42
Caril,Female,72
Carilyn,Female,95
Carin,Female,70
Carina,Female,94
Carine,Female,47
Cariotta,Female,82
Carissa,Female,76
Carita,Female,35
Caritta,Female,57
Carla,Female,53
Carlee,Female,64
Carleen,Female,24
Carlen,Female,61
Carlena,Female,69
Carlene,Female,56
Carley,Female,45
Carli,Female,62
Carlie,Female,31
Carlin,Female,97
Carlina,Female,56
Carline,Female,70
Carlisle,Female,63
Carlita,Female,80
Carlota,Female,58
Carlotta,Female,45
Carly,Female,33
Carlye,Female,56
Carlyn,Female,35
Carlynn,Female,77
Carlynne,Female,21
Carma,Female,77
Carmel,Female,49
Carmela,Female,79
Carmelia,Female,67
Carmelina,Female,56
Carmelita,Female,21
Carmella,Female,92
Carmelle,Female,96
Carmen,Female,47
Carmina,Female,49
Carmine,Female,83
Carmita,Female,94
Carmon,Female,58
Caro,Female,77
Carol,Female,74
Carola,Female,98
Carolan,Female,32
Carolann,Female,82
Carole,Female,78
Carolee,Female,44
Caroleen,Female,86
Carolie,Female,66
Carolin,Female,52
Carolina,Female,29
Caroline,Female,33
Caroljean,Female,26
Carol-Jean,Female,45
Carolyn,Female,26
Carolyne,Female,83
Carolynn,Female,79
Caron,Female,39
Carree,Female,53
Carri,Female,79
Carrie,Female,83
Carrissa,Female,55
Carrol,Female,46
Carroll,Female,97
Carry,Female,69
Cary,Female,70
Caryl,Female,98
Caryn,Female,53
Casandra,Female,32
Casey,Female,32
Casi,Female,82
Casia,Female,23
Casie,Female,69
Cass,Female,89
Cassandra,Female,90
Cassandre,Female,99
Cassandry,Female,90
Cassaundra,Female,25
Cassey,Female,52
Cassi,Female,24
Cassie,Female,99
Cassondra,Female,31
Cassy,Female,92
Cat,Female,37
Catarina,Female,77
Cate,Female,40
Caterina,Female,91
Catha,Female,34
Catharina,Female,66
Catharine,Female,37
Cathe,Female,85
Cathee,Female,99
Catherin,Female,38
Catherina,Female,70
Catherine,Female,98
Cathi,Female,47
Cathie,Female,63
Cathleen,Female,65
Cathlene,Female,55
Cathrin,Female,58
Cathrine,Female,42
Cathryn,Female,23
Cathy,Female,52
Cathyleen,Female,90
Cati,Female,97
Catie,Female,43
Catina,Female,54
Catlaina,Female,73
Catlee,Female,28
Catlin,Female,68
Catrina,Female,65
Catriona,Female,54
Caty,Female,64
Cayla,Female,46
Cecelia,Female,90
Cecil,Female,31
Cecile,Female,24
Ceciley,Female,26
Cecilia,Female,31
Cecilla,Female,58
Cecily,Female,47
Ceil,Female,66
Cele,Female,21
Celene,Female,72
Celesta,Female,41
Celeste,Female,99
Celestia,Female,78
Celestina,Female,60
Celestine,Female,55
Celestyn,Female,65
Celestyna,Female,41
Celia,Female,20
Celie,Female,47
Celina,Female,78
Celinda,Female,37
Celine,Female,37
Celinka,Female,42
Celisse,Female,44
Celle,Female,94
Cesya,Female,82
Chad,Female,31
Chanda,Female,89
Chandal,Female,72
Chandra,Female,32
Channa,Female,89
Chantal,Female,23
Chantalle,Female,27
Charil,Female,34
Charin,Female,38
Charis,Female,48
Charissa,Female,45
Charisse,Female,92
Charita,Female,86
Charity,Female,32
Charla,Female,31
Charlean,Female,96
Charleen,Female,84
Charlena,Female,45
Charlene,Female,29
Charline,Female,99
Charlot,Female,82
Charlott,Female,48
Charlotta,Female,98
Charlotte,Female,60
Charmain,Female,61
Charmaine,Female,27
Charmane,Female,88
Charmian,Female,28
Charmine,Female,98
Charmion,Female,92
Charo,Female,28
Charyl,Female,96
Chastity,Female,26
Chelsae,Female,70
Chelsea,Female,37
Chelsey,Female,78
Chelsie,Female,80
Chelsy,Female,78
Cher,Female,76
Chere,Female,45
Cherey,Female,34
Cheri,Female,68
Cherianne,Female,54
Cherice,Female,20
Cherida,Female,79
Cherie,Female,33
Cherilyn,Female,92
Cherilynn,Female,92
Cherin,Female,58
Cherise,Female,78
Cherish,Female,60
Cherlyn,Female,74
Cherri,Female,22
Cherrita,Female,95
Cherry,Female,65
Chery,Female,73
Cherye,Female,66
Cheryl,Female,53
Cheslie,Female,99
Chiarra,Female,42
Chickie,Female,92
Chicky,Female,50
Chiquita,Female,90
Chloe,Female,74
Chloette,Female,86
Chloris,Female,21
Chris,Female,58
Chriss,Female,48
Chrissa,Female,20
Chrissie,Female,61
Chrissy,Female,84
Christa,Female,76
Christabel,Female,68
Christabella,Female,37
Christabelle,Female,37
Christal,Female,64
Christalle,Female,54
Christan,Female,76
Christean,Female,67
Christel,Female,44
Christen,Female,67
Christi,Female,71
Christian,Female,90
Christiana,Female,84
Christiane,Female,23
Christie,Female,90
Christin,Female,90
Christina,Female,60
Christine,Female,47
Christy,Female,54
Christyna,Female,81
Chrysa,Female,47
Chrysler,Female,59
Chrystal,Female,24
Chryste,Female,44
Chrystel,Female,95
Ciara,Female,95
Cicely,Female,67
Cicily,Female,86
Ciel,Female,81
Cilka,Female,40
Cinda,Female,70
Cindee,Female,71
Cindelyn,Female,80
Cinderella,Female,47
Cindi,Female,78
Cindie,Female,88
Cindra,Female,75
Cindy,Female,34
Cinnamon,Female,85
Cissie,Female,22
Cissy,Female,55
Clair,Female,60
Claire,Female,84
Clara,Female,45
Clarabelle,Female,65
Clare,Female,44
Claresta,Female,21
Clareta,Female,39
Claretta,Female,45
Clarette,Female,79
Clarey,Female,58
Clari,Female,55
Claribel,Female,96
Clarice,Female,91
Clarie,Female,52
Clarinda,Female,87
Clarine,Female,46
Clarisa,Female,90
Clarissa,Female,68
Clarisse,Female,52
Clarita,Female,34
Clary,Female,69
Claude,Female,61
Claudelle,Female,95
Claudetta,Female,71
Claudette,Female,87
Claudia,Female,81
Claudie,Female,25
Claudina,Female,75
Claudine,Female,92
Clea,Female,97
Clem,Female,83
Clemence,Female,42
Clementia,Female,32
Clementina,Female,86
Clementine,Female,90
Clemmie,Female,53
Clemmy,Female,36
Cleo,Female,87
Cleopatra,Female,21
Clerissa,Female,67
Cleva,Female,82
Clio,Female,56
Clo,Female,31
Cloe,Female,22
Cloris,Female,63
Clotilda,Female,22
Clovis,Female,74
Codee,Female,54
Codi,Female,27
Codie,Female,84
Cody,Female,52
Coleen,Female,60
Colene,Female,90
Coletta,Female,63
Colette,Female,58
Colleen,Female,89
Collete,Female,63
Collette,Female,63
Collie,Female,28
Colline,Female,94
Colly,Female,35
Con,Female,53
Concettina,Female,21
Conchita,Female,90
Concordia,Female,61
Conney,Female,20
Conni,Female,73
Connie,Female,45
Conny,Female,44
Consolata,Female,65
Constance,Female,96
Constancia,Female,80
Constancy,Female,95
Constanta,Female,87
Constantia,Female,22
Constantina,Female,85
Constantine,Female,80
Consuela,Female,31
Consuelo,Female,60
Cookie,Female,56
Cora,Female,89
Corabel,Female,82
Corabella,Female,57
Corabelle,Female,55
Coral,Female,59
Coralie,Female,94
Coraline,Female,28
Coralyn,Female,73
Cordelia,Female,92
Cordelie,Female,94
Cordey,Female,92
Cordie,Female,37
Cordula,Female,88
Cordy,Female,30
Coreen,Female,79
Corella,Female,42
Corena,Female,99
Corenda,Female,41
Corene,Female,87
Coretta,Female,70
Corette,Female,20
Corey,Female,64
Cori,Female,25
Corie,Female,84
Corilla,Female,45
Corina,Female,87
Corine,Female,56
Corinna,Female,67
Corinne,Female,89
Coriss,Female,83
Corissa,Female,23
Corliss,Female,65
Corly,Female,50
Cornela,Female,31
Cornelia,Female,48
Cornelle,Female,52
Cornie,Female,86
Corny,Female,78
Correna,Female,76
Correy,Female,50
Corri,Female,50
Corrianne,Female,80
Corrie,Female,63
Corrina,Female,84
Corrine,Female,78
Corrinne,Female,69
Corry,Female,45
Cortney,Female,47
Cory,Female,37
Cosetta,Female,97
Cosette,Female,87
Courtenay,Female,72
Courtney,Female,46
Cresa,Female,94
Cris,Female,67
Crissie,Female,85
Crissy,Female,79
Crista,Female,61
Cristabel,Female,71
Cristal,Female,77
Cristen,Female,87
Cristi,Female,87
Cristie,Female,31
Cristin,Female,84
Cristina,Female,29
Cristine,Female,45
Cristionna,Female,48
Cristy,Female,44
Crysta,Female,98
Crystal,Female,21
Crystie,Female,55
Cyb,Female,97
Cybal,Female,37
Cybel,Female,54
Cybelle,Female,51
Cybil,Female,89
Cybill,Female,81
Cyndi,Female,93
Cyndy,Female,40
Cynthea,Female,64
Cynthia,Female,60
Cynthie,Female,39
Cynthy,Female,42
Dacey,Female,20
Dacia,Female,80
Dacie,Female,38
Dacy,Female,48
Dael,Female,56
Daffi,Female,39
Daffie,Female,29
Daffy,Female,83
Dafna,Female,30
Dagmar,Female,60
Dahlia,Female,31
Daile,Female,37
Daisey,Female,49
Daisi,Female,71
Daisie,Female,77
Daisy,Female,60
Dale,Female,57
Dalenna,Female,77
Dalia,Female,58
Dalila,Female,40
Dallas,Female,73
Daloris,Female,33
Damara,Female,90
Damaris,Female,84
Damita,Female,35
Dana,Female,96
Danell,Female,29
Danella,Female,44
Danelle,Female,42
Danette,Female,28
Dani,Female,74
Dania,Female,90
Danica,Female,29
Danice,Female,35
Daniel,Female,47
Daniela,Female,98
Daniele,Female,95
Daniella,Female,44
Danielle,Female,75
Danika,Female,75
Danila,Female,63
Danit,Female,43
Danita,Female,37
Danna,Female,72
Danni,Female,81
Dannie,Female,39
Danny,Female,30
Dannye,Female,68
Danya,Female,47
Danyelle,Female,28
Danyette,Female,65
Daphene,Female,97
Daphna,Female,88
Daphne,Female,56
Dara,Female,63
Darb,Female,27
Darbie,Female,21
Darby,Female,88
Darcee,Female,63
Darcey,Female,67
Darci,Female,73
Darcie,Female,63
Darcy,Female,69
Darda,Female,30
Dareen,Female,71
Darell,Female,93
Darelle,Female,33
Dari,Female,49
Daria,Female,68
Darice,Female,86
Darla,Female,43
Darleen,Female,48
Darlene,Female,36
Darline,Female,59
Darryl,Female,74
Darsey,Female,79
Darsie,Female,92
Darya,Female,43
Daryl,Female,67
Daryn,Female,91
Dasha,Female,66
Dasi,Female,98
Dasie,Female,95
Dasya,Female,86
Datha,Female,66
Daune,Female,27
Daveen,Female,80
Daveta,Female,83
Davida,Female,98
Davina,Female,61
Davine,Female,21
Davita,Female,20
Dawn,Female,24
Dawna,Female,74
Dayle,Female,65
Dayna,Female,42
Dea,Female,93
Deana,Female,98
Deane,Female,52
Deanna,Female,93
Deanne,Female,95
Deb,Female,25
Debbi,Female,61
Debbie,Female,22
Debbra,Female,33
Debby,Female,39
Debee,Female,43
Debera,Female,51
Debi,Female,57
Debor,Female,99
Debora,Female,95
Deborah,Female,75
Debra,Female,99
Dede,Female,56
Dedie,Female,97
Dedra,Female,20
Dee,Female,37
Dee Dee,Female,42
Deeann,Female,57
Deeanne,Female,74
Deedee,Female,84
Deena,Female,50
Deerdre,Female,29
Dehlia,Female,45
Deidre,Female,48
Deina,Female,86
Deirdre,Female,95
Del,Female,36
Dela,Female,71
Delaney,Female,60
Delcina,Female,43
Delcine,Female,84
Delia,Female,57
Delila,Female,88
Delilah,Female,61
Delinda,Female,41
Dell,Female,31
Della,Female,93
Delly,Female,88
Delora,Female,50
Delores,Female,42
Deloria,Female,50
Deloris,Female,37
Delphina,Female,85
Delphine,Female,77
Delphinia,Female,79
Demeter,Female,70
Demetra,Female,66
Demetria,Female,86
Demetris,Female,48
Dena,Female,41
Deni,Female,69
Denice,Female,31
Denise,Female,35
Denna,Female,56
Denni,Female,73
Dennie,Female,96
Denny,Female,27
Deny,Female,39
Denys,Female,59
Denyse,Female,78
Deonne,Female,42
Desaree,Female,27
Desdemona,Female,29
Desirae,Female,39
Desiree,Female,69
Desiri,Female,45
Deva,Female,67
Devan,Female,34
Devi,Female,86
Devin,Female,23
Devina,Female,55
Devinne,Female,36
Devon,Female,65
Devondra,Female,51
Devonna,Female,65
Devonne,Female,74
Devora,Female,26
Dew,Female,63
Di,Female,38
Diahann,Female,56
Diamond,Female,44
Dian,Female,22
Diana,Female,33
Diandra,Female,22
Diane,Female,59
Dianemarie,Female,32
Diane-Marie,Female,57
Diann,Female,80
Dianna,Female,47
Dianne,Female,63
Diannne,Female,83
Didi,Female,53
Dido,Female,42
Diena,Female,58
Dierdre,Female,48
Dina,Female,52
Dinah,Female,65
Dinnie,Female,90
Dinny,Female,46
Dion,Female,51
Dione,Female,21
Dionis,Female,62
Dionne,Female,27
Dita,Female,79
Dix,Female,48
Dixie,Female,58
Dode,Female,38
Dodi,Female,62
Dodie,Female,43
Dody,Female,81
Doe,Female,81
Doll,Female,41
Dolley,Female,26
Dolli,Female,50
Dollie,Female,34
Dolly,Female,68
Dolora,Female,90
Dolores,Female,62
Dolorita,Female,35
Doloritas,Female,77
Dominica,Female,41
Dominique,Female,59
Dona,Female,95
Donella,Female,64
Donelle,Female,62
Donetta,Female,79
Donia,Female,95
Donica,Female,55
Donielle,Female,60
Donna,Female,49
Donnajean,Female,80
Donnamarie,Female,52
Donni,Female,81
Donnie,Female,49
Donny,Female,94
Dora,Female,35
Doralia,Female,47
Doralin,Female,44
Doralyn,Female,87
Doralynn,Female,41
Doralynne,Female,20
Dorcas,Female,53
Dore,Female,81
Doreen,Female,99
Dorelia,Female,66
Dorella,Female,54
Dorelle,Female,26
Dorena,Female,33
Dorene,Female,39
Doretta,Female,37
Dorette,Female,56
Dorey,Female,71
Dori,Female,32
Doria,Female,59
Dorian,Female,98
Dorice,Female,42
Dorie,Female,28
Dorine,Female,47
Doris,Female,20
Dorisa,Female,89
Dorise,Female,22
Dorit,Female,52
Dorita,Female,26
Doro,Female,28
Dorolice,Female,31
Dorolisa,Female,41
Dorotea,Female,39
Doroteya,Female,25
Dorothea,Female,35
Dorothee,Female,76
Dorothy,Female,70
Dorree,Female,24
Dorri,Female,55
Dorrie,Female,51
Dorris,Female,65
Dorry,Female,32
Dorthea,Female,28
Dorthy,Female,80
Dory,Female,21
Dosi,Female,94
Dot,Female,98
Doti,Female,85
Dotti,Female,47
Dottie,Female,88
Dotty,Female,43
Dove,Female,98
Drea,Female,29
Drew,Female,90
Dulce,Female,99
Dulcea,Female,95
Dulci,Female,76
Dulcia,Female,53
Dulciana,Female,60
Dulcie,Female,85
Dulcine,Female,33
Dulcinea,Female,22
Dulcy,Female,50
Dulsea,Female,27
Dusty,Female,95
Dyan,Female,41
Dyana,Female,56
Dyane,Female,40
Dyann,Female,54
Dyanna,Female,83
Dyanne,Female,36
Dyna,Female,21
Dynah,Female,72
Eada,Female,39
Eadie,Female,25
Eadith,Female,93
Ealasaid,Female,27
Eartha,Female,34
Easter,Female,81
Eba,Female,55
Ebba,Female,49
Ebonee,Female,82
Ebony,Female,42
Eda,Female,95
Eddi,Female,56
Eddie,Female,56
Eddy,Female,72
Ede,Female,97
Edee,Female,58
Edeline,Female,64
Eden,Female,48
Edi,Female,40
Edie,Female,81
Edin,Female,43
Edita,Female,24
Edith,Female,83
Editha,Female,97
Edithe,Female,38
Ediva,Female,38
Edna,Female,87
Edwina,Female,59
Edy,Female,85
Edyth,Female,57
Edythe,Female,66
Effie,Female,68
Eileen,Female,87
Eilis,Female,97
Eimile,Female,36
Eirena,Female,28
Ekaterina,Female,75
Elaina,Female,41
Elaine,Female,29
Elana,Female,45
Elane,Female,86
E'Lane,Female,80
Elayne,Female,64
Elberta,Female,55
Elbertina,Female,59
Elbertine,Female,46
Eleanor,Female,36
Eleanora,Female,66
Eleanore,Female,53
Electra,Female,81
Elena,Female,20
Elene,Female,43
Eleni,Female,74
Elenore,Female,27
Eleonora,Female,65
Eleonore,Female,21
Elfie,Female,69
Elfreda,Female,41
Elfrida,Female,61
Elfrieda,Female,72
Elga,Female,72
Elianora,Female,89
Elianore,Female,70
Elicia,Female,76
Elie,Female,53
Elinor,Female,25
Elinore,Female,48
Elisa,Female,93
Elisabet,Female,42
Elisabeth,Female,54
Elisabetta,Female,86
Elise,Female,35
Elisha,Female,84
Elissa,Female,20
Elita,Female,75
Eliza,Female,69
Elizabet,Female,21
Elizabeth,Female,60
Elka,Female,76
Elke,Female,88
Ella,Female,72
Elladine,Female,43
Elle,Female,47
Ellen,Female,26
Ellene,Female,33
Ellette,Female,55
Elli,Female,84
Ellie,Female,60
Ellissa,Female,73
Elly,Female,99
Ellyn,Female,41
Ellynn,Female,32
Elmira,Female,34
Elna,Female,98
Elnora,Female,45
Elnore,Female,87
Eloisa,Female,45
Eloise,Female,34
Elonore,Female,94
Elora,Female,34
Elsa,Female,86
Elsbeth,Female,26
Else,Female,59
Elsey,Female,60
Elsi,Female,33
Elsie,Female,72
Elsinore,Female,78
Elspeth,Female,78
Elsy,Female,82
Elva,Female,85
Elvera,Female,34
Elvina,Female,60
Elvira,Female,58
Elwina,Female,26
Elwira,Female,29
Elyn,Female,20
Elyse,Female,36
Elysee,Female,56
Elysha,Female,75
Elysia,Female,37
Elyssa,Female,88
Em,Female,71
Ema,Female,48
Emalee,Female,52
Emalia,Female,54
Emanuela,Female,99
Emelda,Female,71
Emelia,Female,90
Emelina,Female,25
Emeline,Female,82
Emelita,Female,63
Emelyne,Female,98
Emera,Female,51
Emilee,Female,93
Emili,Female,62
Emilia,Female,45
Emilie,Female,25
Emiline,Female,54
Emily,Female,92
Emlyn,Female,75
Emlynn,Female,50
Emlynne,Female,42
Emma,Female,22
Emmalee,Female,87
Emmaline,Female,79
Emmalyn,Female,78
Emmalynn,Female,94
Emmalynne,Female,35
Emmeline,Female,87
Emmey,Female,78
Emmi,Female,69
Emmie,Female,83
Emmy,Female,55
Emmye,Female,38
Emogene,Female,45
Emyle,Female,24
Emylee,Female,27
Endora,Female,88
Engracia,Female,41
Enid,Female,95
Enrica,Female,77
Enrichetta,Female,68
Enrika,Female,96
Enriqueta,Female,83
Enya,Female,98
Eolanda,Female,91
Eolande,Female,22
Eran,Female,35
Erda,Female,77
Erena,Female,62
Erica,Female,39
Ericha,Female,80
Ericka,Female,83
Erika,Female,34
Erin,Female,50
Erina,Female,46
Erinn,Female,59
Erinna,Female,43
Erma,Female,97
Ermengarde,Female,36
Ermentrude,Female,79
Ermina,Female,43
Erminia,Female,22
Erminie,Female,98
Erna,Female,32
Ernaline,Female,94
Ernesta,Female,65
Ernestine,Female,30
Ertha,Female,64
Eryn,Female,53
Esma,Female,31
Esmaria,Female,80
Esme,Female,30
Esmeralda,Female,68
Esmerelda,Female,79
Essa,Female,30
Essie,Female,91
Essy,Female,74
Esta,Female,77
Estel,Female,61
Estele,Female,21
Estell,Female,41
Estella,Female,33
Estelle,Female,50
Ester,Female,66
Esther,Female,44
Estrella,Female,26
Estrellita,Female,78
Ethel,Female,58
Ethelda,Female,64
Ethelin,Female,49
Ethelind,Female,70
Etheline,Female,31
Ethelyn,Female,33
Ethyl,Female,44
Etta,Female,85
Etti,Female,34
Ettie,Female,24
Etty,Female,35
Eudora,Female,81
Eugenia,Female,80
Eugenie,Female,98
Eugine,Female,40
Eula,Female,30
Eulalie,Female,89
Eunice,Female,88
Euphemia,Female,89
Eustacia,Female,58
Eva,Female,63
Evaleen,Female,79
Evangelia,Female,90
Evangelin,Female,52
Evangelina,Female,98
Evangeline,Female,50
Evania,Female,40
Evanne,Female,36
Eve,Female,67
Eveleen,Female,41
Evelina,Female,20
Eveline,Female,79
Evelyn,Female,54
Evette,Female,35
Evey,Female,87
Evie,Female,41
Evita,Female,29
Evonne,Female,29
Evvie,Female,76
Evvy,Female,58
Evy,Female,81
Eyde,Female,80
Eydie,Female,43
Fabrianne,Female,22
Fabrice,Female,91
Fae,Female,88
Faina,Female,82
Faith,Female,61
Fallon,Female,88
Fan,Female,47
Fanchette,Female,99
Fanchon,Female,89
Fancie,Female,26
Fancy,Female,91
Fanechka,Female,82
Fania,Female,64
Fanni,Female,71
Fannie,Female,68
Fanny,Female,55
Fanya,Female,50
Fara,Female,31
Farah,Female,70
Farand,Female,98
Farica,Female,73
Farra,Female,41
Farrah,Female,96
Farrand,Female,56
Fatima,Female,52
Faun,Female,46
Faunie,Female,84
Faustina,Female,88
Faustine,Female,43
Fawn,Female,94
Fawna,Female,34
Fawne,Female,24
Fawnia,Female,29
Fay,Female,66
Faydra,Female,68
Faye,Female,51
Fayette,Female,55
Fayina,Female,28
Fayre,Female,73
Fayth,Female,62
Faythe,Female,25
Federica,Female,67
Fedora,Female,74
Felecia,Female,43
Felicdad,Female,21
Felice,Female,90
Felicia,Female,66
Felicity,Female,90
Felicle,Female,53
Felipa,Female,85
Felisha,Female,24
Felita,Female,46
Feliza,Female,27
Fenelia,Female,76
Feodora,Female,82
Ferdinanda,Female,32
Ferdinande,Female,64
Fern,Female,83
Fernanda,Female,43
Fernande,Female,92
Fernandina,Female,70
Ferne,Female,42
Fey,Female,84
Fiann,Female,65
Fianna,Female,92
Fidela,Female,96
Fidelia,Female,89
Fidelity,Female,53
Fifi,Female,69
Fifine,Female,95
Filia,Female,29
Filide,Female,24
Filippa,Female,25
Fina,Female,96
Fiona,Female,85
Fionna,Female,51
Fionnula,Female,85
Fiorenze,Female,95
Fleur,Female,78
Fleurette,Female,41
Flo,Female,51
Flor,Female,53
Flora,Female,47
Florance,Female,85
Flore,Female,82
Florella,Female,93
Florence,Female,82
Florencia,Female,39
Florentia,Female,47
Florenza,Female,42
Florette,Female,21
Flori,Female,45
Floria,Female,56
Florice,Female,81
Florida,Female,74
Florie,Female,42
Florina,Female,49
Florinda,Female,79
Floris,Female,84
Florri,Female,82
Florrie,Female,36
Florry,Female,43
Flory,Female,76
Flossi,Female,44
Flossie,Female,98
Flossy,Female,21
Flower,Female,24
Fortuna,Female,32
Fortune,Female,85
Fran,Female,26
France,Female,38
Francene,Female,89
Frances,Female,43
Francesca,Female,30
Francesmary,Female,70
Francine,Female,98
Francis,Female,55
Francisca,Female,73
Franciska,Female,25
Francoise,Female,50
Francyne,Female,39
Frank,Female,89
Frankie,Female,47
Franky,Female,59
Franni,Female,77
Frannie,Female,49
Franny,Female,22
Frayda,Female,47
Fred,Female,39
Freda,Female,61
Freddi,Female,23
Freddie,Female,63
Freddy,Female,71
Fredelia,Female,28
Frederica,Female,61
Fredericka,Female,89
Fredi,Female,48
Fredia,Female,61
Fredra,Female,55
Fredrika,Female,58
Freida,Female,46
Frieda,Female,55
Friederike,Female,88
Fulvia,Female,65
Gabbey,Female,24
Gabbi,Female,45
Gabbie,Female,22
Gabey,Female,37
Gabi,Female,40
Gabie,Female,50
Gabriel,Female,80
Gabriela,Female,20
Gabriell,Female,89
Gabriella,Female,30
Gabrielle,Female,57
Gabriellia,Female,71
Gabrila,Female,78
Gaby,Female,92
Gae,Female,23
Gael,Female,91
Gail,Female,22
Gale,Female,44
Gale ,Female,48
Galina,Female,55
Garland,Female,95
Garnet,Female,66
Garnette,Female,77
Gates,Female,98
Gavra,Female,73
Gavrielle,Female,26
Gay,Female,96
Gayla,Female,49
Gayle,Female,25
Gayleen,Female,92
Gaylene,Female,21
Gaynor,Female,64
Geeta,Female,98
Gelya,Female,48
Gen,Female,48
Gena,Female,42
Gene,Female,89
Geneva,Female,75
Genevieve,Female,64
Genevra,Female,88
Genia,Female,78
Genna,Female,95
Genni,Female,46
Gennie,Female,26
Gennifer,Female,88
Genny,Female,34
Genovera,Female,78
Genvieve,Female,52
George,Female,49
Georgeanna,Female,47
Georgeanne,Female,95
Georgena,Female,89
Georgeta,Female,80
Georgetta,Female,63
Georgette,Female,76
Georgia,Female,45
Georgiamay,Female,98
Georgiana,Female,39
Georgianna,Female,63
Georgianne,Female,83
Georgie,Female,53
Georgina,Female,54
Georgine,Female,26
Gera,Female,61
Geralda,Female,30
Geraldina,Female,27
Geraldine,Female,42
Gerda,Female,49
Gerhardine,Female,86
Geri,Female,20
Gerianna,Female,21
Gerianne,Female,55
Gerladina,Female,29
Germain,Female,40
Germaine,Female,42
Germana,Female,50
Gerri,Female,66
Gerrie,Female,60
Gerrilee,Female,78
Gerry,Female,44
Gert,Female,66
Gerta,Female,36
Gerti,Female,63
Gertie,Female,93
Gertrud,Female,57
Gertruda,Female,28
Gertrude,Female,24
Gertrudis,Female,95
Gerty,Female,32
Giacinta,Female,30
Giana,Female,96
Gianina,Female,35
Gianna,Female,96
Gigi,Female,26
Gilberta,Female,35
Gilberte,Female,32
Gilbertina,Female,81
Gilbertine,Female,62
Gilda,Female,82
Gill,Female,45
Gillan,Female,29
Gilli,Female,98
Gillian,Female,63
Gillie,Female,41
Gilligan,Female,34
Gilly,Female,51
Gina,Female,91
Ginelle,Female,85
Ginevra,Female,45
Ginger,Female,71
Ginni,Female,90
Ginnie,Female,51
Ginnifer,Female,46
Ginny,Female,38
Giorgia,Female,45
Giovanna,Female,27
Gipsy,Female,36
Giralda,Female,93
Gisela,Female,65
Gisele,Female,49
Gisella,Female,77
Giselle,Female,71
Gita,Female,91
Gizela,Female,26
Glad,Female,62
Gladi,Female,99
Gladis,Female,41
Gladys,Female,40
Gleda,Female,64
Glen,Female,70
Glenda,Female,87
Glenine,Female,91
Glenn,Female,43
Glenna,Female,47
Glennie,Female,36
Glennis,Female,29
Glori,Female,70
Gloria,Female,36
Gloriana,Female,23
Gloriane,Female,69
Glorianna,Female,71
Glory,Female,89
Glyn,Female,84
Glynda,Female,27
Glynis,Female,40
Glynnis,Female,26
Godiva,Female,37
Golda,Female,41
Goldarina,Female,56
Goldi,Female,83
Goldia,Female,97
Goldie,Female,56
Goldina,Female,98
Goldy,Female,77
Grace,Female,61
Gracia,Female,43
Gracie,Female,34
Grata,Female,45
Gratia,Female,49
Gratiana,Female,78
Gray,Female,86
Grayce,Female,36
Grazia,Female,56
Gredel,Female,72
Greer,Female,71
Greta,Female,25
Gretal,Female,30
Gretchen,Female,74
Grete,Female,77
Gretel,Female,21
Grethel,Female,34
Gretna,Female,70
Gretta,Female,60
Grier,Female,73
Griselda,Female,70
Grissel,Female,80
Guendolen,Female,50
Guenevere,Female,33
Guenna,Female,74
Guglielma,Female,87
Gui,Female,80
Guillema,Female,57
Guillemette,Female,59
Guinevere,Female,74
Guinna,Female,43
Gunilla,Female,37
Gunvor,Female,38
Gus,Female,55
Gusella,Female,93
Gussi,Female,22
Gussie,Female,47
Gussy,Female,29
Gusta,Female,47
Gusti,Female,93
Gustie,Female,60
Gusty,Female,37
Gwen,Female,66
Gwendolen,Female,39
Gwendolin,Female,45
Gwendolyn,Female,57
Gweneth,Female,20
Gwenette,Female,74
Gwenn,Female,56
Gwenneth,Female,33
Gwenni,Female,31
Gwennie,Female,94
Gwenny,Female,38
Gwenora,Female,32
Gwenore,Female,59
Gwyn,Female,81
Gwyneth,Female,62
Gwynne,Female,26
Gypsy,Female,27
Hadria,Female,43
Hailee,Female,31
Haily,Female,73
Haleigh,Female,45
Halette,Female,86
Haley,Female,26
Hali,Female,28
Halie,Female,89
Halimeda,Female,36
Halley,Female,48
Halli,Female,57
Hallie,Female,90
Hally,Female,42
Hana,Female,90
Hanna,Female,95
Hannah,Female,61
Hanni,Female,40
Hannibal,Female,27
Hannie,Female,89
Hannis,Female,88
Hanny,Female,81
Happy,Female,94
Harlene,Female,35
Harley,Female,52
Harli,Female,62
Harlie,Female,80
Harmonia,Female,98
Harmonie,Female,20
Harmony,Female,76
Harri,Female,50
Harrie,Female,34
Harriet,Female,83
Harriett,Female,89
Harrietta,Female,46
Harriette,Female,72
Harriot,Female,83
Harriott,Female,90
Hatti,Female,45
Hattie,Female,28
Hatty,Female,80
Havivah,Female,24
Hayley,Female,50
Hazel,Female,88
Heath,Female,58
Heather,Female,31
Heda,Female,66
Hedda,Female,58
Heddi,Female,40
Heddie,Female,29
Hedi,Female,59
Hedvig,Female,83
Hedwig,Female,48
Hedy,Female,22
Heida,Female,86
Heide,Female,71
Heidi,Female,64
Heidie,Female,20
Helaina,Female,34
Helaine,Female,46
Helen,Female,54
Helena,Female,33
Helene,Female,82
Helen-Elizabeth,Female,71
Helga,Female,42
Helge,Female,27
Helise,Female,78
Hellene,Female,59
Helli,Female,89
Heloise,Female,69
Helsa,Female,64
Helyn,Female,77
Hendrika,Female,97
Henka,Female,48
Henrie,Female,67
Henrieta,Female,42
Henrietta,Female,86
Henriette,Female,89
Henryetta,Female,49
Hephzibah,Female,91
Hermia,Female,89
Hermina,Female,72
Hermine,Female,68
Herminia,Female,66
Hermione,Female,23
Herta,Female,97
Hertha,Female,78
Hester,Female,44
Hesther,Female,37
Hestia,Female,25
Hetti,Female,28
Hettie,Female,62
Hetty,Female,98
Hilarie,Female,44
Hilary,Female,52
Hilda,Female,23
Hildagard,Female,90
Hildagarde,Female,88
Hilde,Female,35
Hildegaard,Female,86
Hildegarde,Female,83
Hildy,Female,28
Hillary,Female,33
Hilliary,Female,27
Hinda,Female,40
Holley,Female,37
Holli,Female,84
Hollie,Female,47
Holly,Female,75
Hollyanne,Female,41
Holly-Anne,Female,56
Honey,Female,44
Honor,Female,26
Honoria,Female,30
Hope,Female,31
Horatia,Female,87
Hortense,Female,62
Hortensia,Female,62
Hulda,Female,83
Hyacinth,Female,75
Hyacintha,Female,62
Hyacinthe,Female,25
Hyacinthia,Female,95
Hyacinthie,Female,53
Hynda,Female,56
Ianthe,Female,49
Ibbie,Female,70
Ibby,Female,42
Ida,Female,65
Idalia,Female,92
Idalina,Female,61
Idaline,Female,86
Idell,Female,96
Idelle,Female,99
Idette,Female,39
Ike,Female,54
Ikey,Female,82
Ilana,Female,65
Ileana,Female,91
Ileane,Female,86
Ilene,Female,26
Ilise,Female,72
Ilka,Female,56
Illa,Female,65
Ilona,Female,26
Ilsa,Female,75
Ilse,Female,35
Ilysa,Female,72
Ilyse,Female,36
Ilyssa,Female,63
Imelda,Female,36
Imogen,Female,35
Imogene,Female,93
Imojean,Female,22
Ina,Female,20
Inci,Female,73
Indira,Female,86
Ines,Female,81
Inesita,Female,47
Inessa,Female,74
Inez,Female,43
Inga,Female,97
Ingaberg,Female,33
Ingaborg,Female,48
Inge,Female,92
Ingeberg,Female,63
Ingeborg,Female,55
Inger,Female,67
Ingrid,Female,25
Ingunna,Female,82
Inna,Female,81
Ioana,Female,99
Iolande,Female,54
Iolanthe,Female,83
Iona,Female,50
Iormina,Female,90
Ira,Female,46
Irena,Female,37
Irene,Female,26
Irina,Female,80
Iris,Female,43
Irita,Female,56
Irma,Female,69
Isa,Female,84
Isabeau,Female,42
Isabel,Female,46
Isabelita,Female,65
Isabella,Female,22
Isabelle,Female,77
Isador,Female,83
Isadora,Female,64
Isadore,Female,72
Isahella,Female,31
Iseabal,Female,22
Isidora,Female,22
Isis,Female,23
Isobel,Female,71
Issi,Female,34
Issie,Female,53
Issy,Female,71
Ivett,Female,84
Ivette,Female,94
Ivie,Female,36
Ivonne,Female,81
Ivory,Female,85
Ivy,Female,72
Izabel,Female,22
Izzi,Female,86
Jacenta,Female,65
Jacinda,Female,21
Jacinta,Female,97
Jacintha,Female,27
Jacinthe,Female,51
Jackelyn,Female,44
Jacki,Female,23
Jackie,Female,81
Jacklin,Female,50
Jacklyn,Female,31
Jackquelin,Female,64
Jackqueline,Female,35
Jacky,Female,27
Jaclin,Female,63
Jaclyn,Female,43
Jacquelin,Female,46
Jacqueline,Female,56
Jacquelyn,Female,51
Jacquelynn,Female,89
Jacquenetta,Female,62
Jacquenette,Female,87
Jacquetta,Female,64
Jacquette,Female,97
Jacqui,Female,75
Jacquie,Female,99
Jacynth,Female,55
Jada,Female,78
Jade,Female,97
Jaime,Female,84
Jaimie,Female,55
Jaine,Female,42
Jaleh,Female,55
Jami,Female,68
Jamie,Female,64
Jamima,Female,47
Jammie,Female,59
Jan,Female,59
Jana,Female,96
Janaya,Female,34
Janaye,Female,70
Jandy,Female,72
Jane,Female,58
Janean,Female,21
Janeczka,Female,79
Janeen,Female,54
Janel,Female,62
Janela,Female,59
Janella,Female,76
Janelle,Female,98
Janene,Female,93
Janenna,Female,70
Janessa,Female,21
Janet,Female,51
Janeta,Female,54
Janetta,Female,48
Janette,Female,82
Janeva,Female,63
Janey,Female,73
Jania,Female,87
Janice,Female,35
Janie,Female,63
Janifer,Female,45
Janina,Female,55
Janine,Female,35
Janis,Female,53
Janith,Female,28
Janka,Female,76
Janna,Female,23
Jannel,Female,23
Jannelle,Female,85
Janot,Female,60
Jany,Female,76
Jaquelin,Female,89
Jaquelyn,Female,46
Jaquenetta,Female,67
Jaquenette,Female,75
Jaquith,Female,22
Jasmin,Female,62
Jasmina,Female,51
Jasmine,Female,35
Jayme,Female,29
Jaymee,Female,85
Jayne,Female,74
Jaynell,Female,48
Jazmin,Female,29
Jean,Female,56
Jeana,Female,40
Jeane,Female,31
Jeanelle,Female,34
Jeanette,Female,52
Jeanie,Female,65
Jeanine,Female,93
Jeanna,Female,90
Jeanne,Female,82
Jeannette,Female,34
Jeannie,Female,45
Jeannine,Female,99
Jehanna,Female,22
Jelene,Female,45
Jemie,Female,49
Jemima,Female,62
Jemimah,Female,49
Jemmie,Female,30
Jemmy,Female,30
Jen,Female,54
Jena,Female,98
Jenda,Female,43
Jenelle,Female,83
Jenette,Female,61
Jeni,Female,99
Jenica,Female,92
Jeniece,Female,49
Jenifer,Female,85
Jeniffer,Female,33
Jenilee,Female,62
Jenine,Female,90
Jenn,Female,21
Jenna,Female,57
Jennee,Female,73
Jennette,Female,96
Jenni,Female,37
Jennica,Female,59
Jennie,Female,91
Jennifer,Female,33
Jennilee,Female,92
Jennine,Female,47
Jenny,Female,61
Jeraldine,Female,55
Jeralee,Female,39
Jere,Female,39
Jeri,Female,36
Jermaine,Female,20
Jerrie,Female,35
Jerrilee,Female,43
Jerrilyn,Female,44
Jerrine,Female,66
Jerry,Female,41
Jerrylee,Female,23
Jess,Female,51
Jessa,Female,20
Jessalin,Female,50
Jessalyn,Female,89
Jessamine,Female,20
Jessamyn,Female,22
Jesse,Female,72
Jesselyn,Female,58
Jessi,Female,20
Jessica,Female,83
Jessie,Female,56
Jessika,Female,23
Jessy,Female,34
Jewel,Female,48
Jewell,Female,32
Jewelle,Female,29
Jill,Female,54
Jillana,Female,44
Jillane,Female,50
Jillayne,Female,95
Jilleen,Female,68
Jillene,Female,25
Jilli,Female,99
Jillian,Female,61
Jillie,Female,96
Jilly,Female,40
Jinny,Female,33
Jo,Female,65
Jo Ann,Female,82
Joan,Female,92
Joana,Female,74
Joane,Female,61
Joanie,Female,64
JoAnn,Female,38
Joann,Female,39
Jo-Ann,Female,88
Joanna,Female,56
JoAnne,Female,50
Joanne,Female,99
Jo-Anne,Female,38
Joannes,Female,46
Jobey,Female,46
Jobi,Female,89
Jobie,Female,24
Jobina,Female,98
Joby,Female,41
Jobye,Female,27
Jobyna,Female,54
Jocelin,Female,34
Joceline,Female,81
Jocelyn,Female,82
Jocelyne,Female,73
Jodee,Female,86
Jodi,Female,53
Jodie,Female,40
Jody,Female,38
Joela,Female,49
Joelie,Female,91
Joell,Female,26
Joella,Female,70
Joelle,Female,60
Joellen,Female,71
Joelly,Female,57
Joellyn,Female,59
Joelynn,Female,67
Joete,Female,33
Joey,Female,37
Johanna,Female,25
Johannah,Female,47
Johnette,Female,40
Johnna,Female,46
Joice,Female,96
Jojo,Female,88
Jolee,Female,43
Joleen,Female,37
Jolene,Female,70
Joletta,Female,48
Joli,Female,93
Jolie,Female,64
Joline,Female,99
Joly,Female,68
Jolyn,Female,40
Jolynn,Female,34
Jonell,Female,44
Joni,Female,61
Jonie,Female,28
Jonis,Female,65
Jordain,Female,30
Jordan,Female,71
Jordana,Female,34
Jordanna,Female,51
Jorey,Female,52
Jori,Female,82
Jorie,Female,62
Jorrie,Female,26
Jorry,Female,90
Joscelin,Female,27
Josee,Female,47
Josefa,Female,43
Josefina,Female,61
Joselyn,Female,49
Josepha,Female,49
Josephina,Female,91
Josephine,Female,31
Josey,Female,75
Josi,Female,78
Josie,Female,81
Joslyn,Female,27
Josselyn,Female,51
Josy,Female,50
Jourdan,Female,94
Joy,Female,23
Joya,Female,85
Joyan,Female,64
Joyann,Female,42
Joyce,Female,33
Joycelin,Female,67
Joye,Female,34
Joyous,Female,63
Juana,Female,37
Juanita,Female,91
Jude,Female,47
Judi,Female,42
Judie,Female,37
Judith,Female,27
Juditha,Female,58
Judy,Female,44
Judye,Female,61
Julee,Female,38
Juli,Female,73
Julia,Female,31
Juliana,Female,51
Juliane,Female,79
Juliann,Female,34
Julianna,Female,46
Julianne,Female,36
Julie,Female,39
Julienne,Female,40
Juliet,Female,43
Julieta,Female,62
Julietta,Female,76
Juliette,Female,86
Julina,Female,97
Juline,Female,28
Julissa,Female,70
Julita,Female,59
June,Female,92
Junette,Female,27
Junia,Female,58
Junie,Female,39
Junina,Female,62
Justin,Female,52
Justina,Female,95
Justine,Female,39
Jyoti,Female,82
Kaari,Female,75
Kacey,Female,31
Kacie,Female,59
Kacy,Female,23
Kai,Female,74
Kaia,Female,44
Kaila,Female,98
Kaile,Female,74
Kailey,Female,84
Kaitlin,Female,50
Kaitlyn,Female,49
Kaitlynn,Female,99
Kaja,Female,24
Kakalina,Female,47
Kala,Female,60
Kaleena,Female,55
Kali,Female,20
Kalie,Female,76
Kalila,Female,22
Kalina,Female,76
Kalinda,Female,45
Kalindi,Female,61
Kalli,Female,39
Kally,Female,82
Kameko,Female,90
Kamila,Female,83
Kamilah,Female,84
Kamillah,Female,90
Kandace,Female,56
Kandy,Female,59
Kania,Female,97
Kanya,Female,29
Kara,Female,63
Karalee,Female,84
Karalynn,Female,84
Kara-Lynn,Female,77
Kare,Female,77
Karee,Female,65
Karel,Female,75
Karen,Female,63
Karena,Female,32
Kari,Female,82
Karia,Female,47
Karie,Female,24
Karil,Female,98
Karilynn,Female,39
Karin,Female,62
Karina,Female,61
Karine,Female,88
Kariotta,Female,37
Karisa,Female,90
Karissa,Female,56
Karita,Female,95
Karla,Female,60
Karlee,Female,35
Karleen,Female,76
Karlen,Female,91
Karlene,Female,58
Karlie,Female,32
Karlotta,Female,71
Karlotte,Female,79
Karly,Female,62
Karlyn,Female,60
Karmen,Female,57
Karna,Female,91
Karol,Female,20
Karola,Female,63
Karole,Female,58
Karolina,Female,69
Karoline,Female,31
Karoly,Female,87
Karon,Female,46
Karrah,Female,56
Karrie,Female,68
Karry,Female,32
Kary,Female,65
Karyl,Female,25
Karylin,Female,94
Karyn,Female,32
Kasey,Female,72
Kass,Female,85
Kassandra,Female,34
Kassey,Female,60
Kassi,Female,34
Kassia,Female,91
Kassie,Female,59
Kaster,Female,20
Kat,Female,77
Kata,Female,40
Katalin,Female,34
Kate,Female,23
Katee,Female,47
Katerina,Female,45
Katerine,Female,51
Katey,Female,59
Kath,Female,41
Katha,Female,45
Katharina,Female,76
Katharine,Female,73
Katharyn,Female,39
Kathe,Female,68
Katheleen,Female,50
Katherina,Female,89
Katherine,Female,49
Katheryn,Female,24
Kathi,Female,22
Kathie,Female,88
Kathleen,Female,27
Kathlene,Female,38
Kathlin,Female,25
Kathrine,Female,26
Kathryn,Female,92
Kathryne,Female,89
Kathy,Female,79
Kathye,Female,47
Kati,Female,74
Katie,Female,56
Katina,Female,68
Katine,Female,71
Katinka,Female,87
Katleen,Female,42
Katlin,Female,68
Katrina,Female,51
Katrine,Female,72
Katrinka,Female,96
Katti,Female,39
Kattie,Female,94
Katuscha,Female,97
Katusha,Female,28
Katy,Female,55
Katya,Female,58
Kay,Female,53
Kaycee,Female,22
Kaye,Female,81
Kayla,Female,61
Kayle,Female,83
Kaylee,Female,91
Kayley,Female,96
Kaylil,Female,26
Kaylyn,Female,99
Kee,Female,52
Keeley,Female,86
Keelia,Female,57
Keely,Female,98
Kelcey,Female,73
Kelci,Female,93
Kelcie,Female,61
Kelcy,Female,90
Kelila,Female,55
Kellen,Female,84
Kelley,Female,24
Kelli,Female,49
Kellia,Female,61
Kellie,Female,28
Kellina,Female,48
Kellsie,Female,83
Kelly,Female,62
Kellyann,Female,50
Kelsey,Female,44
Kelsi,Female,56
Kelsy,Female,81
Kendra,Female,65
Kendre,Female,71
Kenna,Female,93
Keren,Female,36
Keri,Female,64
Keriann,Female,42
Kerianne,Female,97
Kerri,Female,50
Kerrie,Female,61
Kerrill,Female,93
Kerrin,Female,73
Kerry,Female,50
Kerstin,Female,44
Kesley,Female,39
Keslie,Female,22
Kessia,Female,47
Kessiah,Female,69
Ketti,Female,34
Kettie,Female,93
Ketty,Female,46
Kevina,Female,46
Kevyn,Female,45
Ki,Female,66
Kia,Female,53
Kiah,Female,49
Kial,Female,85
Kiele,Female,56
Kiersten,Female,43
Kikelia,Female,23
Kiley,Female,49
Kim,Female,83
Kimberlee,Female,96
Kimberley,Female,20
Kimberli,Female,29
Kimberly,Female,67
Kimberlyn,Female,42
Kimbra,Female,52
Kimmi,Female,87
Kimmie,Female,99
Kimmy,Female,72
Kinna,Female,99
Kip,Female,64
Kipp,Female,26
Kippie,Female,44
Kippy,Female,30
Kira,Female,32
Kirbee,Female,68
Kirbie,Female,58
Kirby,Female,88
Kiri,Female,41
Kirsten,Female,68
Kirsteni,Female,58
Kirsti,Female,70
Kirstie,Female,87
Kirstin,Female,91
Kirstyn,Female,75
Kissee,Female,44
Kissiah,Female,41
Kissie,Female,87
Kit,Female,73
Kitti,Female,87
Kittie,Female,23
Kitty,Female,79
Kizzee,Female,36
Kizzie,Female,89
Klara,Female,45
Klarika,Female,88
Klarrisa,Female,50
Konstance,Female,45
Konstanze,Female,71
Koo,Female,78
Kora,Female,34
Koral,Female,85
Koralle,Female,83
Kordula,Female,71
Kore,Female,43
Korella,Female,82
Koren,Female,48
Koressa,Female,62
Kori,Female,59
Korie,Female,82
Korney,Female,64
Korrie,Female,87
Korry,Female,67
Kourtney,Female,71
Kris,Female,46
Krissie,Female,68
Krissy,Female,78
Krista,Female,72
Kristal,Female,41
Kristan,Female,67
Kriste,Female,51
Kristel,Female,60
Kristen,Female,71
Kristi,Female,26
Kristien,Female,46
Kristin,Female,45
Kristina,Female,34
Kristine,Female,76
Kristy,Female,36
Kristyn,Female,99
Krysta,Female,45
Krystal,Female,59
Krystalle,Female,42
Krystle,Female,64
Krystyna,Female,31
Kyla,Female,41
Kyle,Female,38
Kylen,Female,71
Kylie,Female,74
Kylila,Female,49
Kylynn,Female,42
Kym,Female,80
Kynthia,Female,90
Kyrstin,Female,55
La,Female,73
Lacee,Female,90
Lacey,Female,34
Lacie,Female,97
Lacy,Female,25
Ladonna,Female,37
Laetitia,Female,24
Laila,Female,30
Laina,Female,50
Lainey,Female,96
Lamb,Female,69
Lana,Female,83
Lane,Female,24
Lanette,Female,63
Laney,Female,69
Lani,Female,59
Lanie,Female,30
Lanita,Female,48
Lanna,Female,48
Lanni,Female,45
Lanny,Female,84
Lara,Female,67
Laraine,Female,67
Lari,Female,94
Larina,Female,57
Larine,Female,76
Larisa,Female,25
Larissa,Female,65
Lark,Female,92
Laryssa,Female,72
Latashia,Female,69
Latia,Female,55
Latisha,Female,57
Latrena,Female,69
Latrina,Female,87
Laura,Female,95
Lauraine,Female,91
Laural,Female,39
Lauralee,Female,61
Laure,Female,81
Lauree,Female,94
Laureen,Female,85
Laurel,Female,46
Laurella,Female,78
Lauren,Female,88
Laurena,Female,82
Laurene,Female,31
Lauretta,Female,71
Laurette,Female,88
Lauri,Female,73
Laurianne,Female,65
Laurice,Female,47
Laurie,Female,96
Lauryn,Female,92
Lavena,Female,49
Laverna,Female,60
Laverne,Female,78
Lavina,Female,37
Lavinia,Female,93
Lavinie,Female,34
Layla,Female,46
Layne,Female,20
Layney,Female,44
Lea,Female,97
Leah,Female,58
Leandra,Female,20
Leann,Female,79
Leanna,Female,31
Leanne,Female,71
Leanor,Female,61
Leanora,Female,90
Lebbie,Female,26
Leda,Female,74
Lee,Female,68
LeeAnn,Female,28
Leeann,Female,60
Leeanne,Female,93
Leela,Female,89
Leelah,Female,76
Leena,Female,98
Leesa,Female,43
Leese,Female,63
Legra,Female,76
Leia,Female,73
Leiah,Female,96
Leigh,Female,42
Leigha,Female,33
Leila,Female,79
Leilah,Female,77
Leisha,Female,41
Lela,Female,22
Lelah,Female,57
Leland,Female,29
Lelia,Female,37
Lena,Female,43
Lenee,Female,65
Lenette,Female,90
Lenka,Female,86
Lenna,Female,99
Lenora,Female,22
Lenore,Female,37
Leodora,Female,65
Leoine,Female,76
Leola,Female,97
Leoline,Female,38
Leona,Female,21
Leonanie,Female,49
Leone,Female,86
Leonelle,Female,59
Leonie,Female,52
Leonora,Female,71
Leonore,Female,22
Leontine,Female,58
Leontyne,Female,77
Leora,Female,41
Leorah,Female,54
Leshia,Female,69
Lesley,Female,98
Lesli,Female,43
Leslie,Female,98
Lesly,Female,76
Lesya,Female,97
Leta,Female,67
Lethia,Female,50
Leticia,Female,75
Letisha,Female,91
Letitia,Female,79
Letta,Female,38
Letti,Female,53
Lettie,Female,47
Letty,Female,81
Leyla,Female,87
Lezlie,Female,91
Lia,Female,67
Lian,Female,90
Liana,Female,26
Liane,Female,30
Lianna,Female,22
Lianne,Female,88
Lib,Female,36
Libbey,Female,73
Libbi,Female,50
Libbie,Female,85
Libby,Female,63
Licha,Female,95
Lida,Female,37
Lidia,Female,66
Lil,Female,48
Lila,Female,86
Lilah,Female,53
Lilas,Female,81
Lilia,Female,36
Lilian,Female,74
Liliane,Female,85
Lilias,Female,48
Lilith,Female,63
Lilla,Female,70
Lilli,Female,89
Lillian,Female,57
Lillis,Female,91
Lilllie,Female,37
Lilly,Female,85
Lily,Female,70
Lilyan,Female,72
Lin,Female,56
Lina,Female,86
Lind,Female,44
Linda,Female,26
Lindi,Female,31
Lindie,Female,58
Lindsay,Female,57
Lindsey,Female,92
Lindsy,Female,86
Lindy,Female,41
Linea,Female,50
Linell,Female,78
Linet,Female,86
Linette,Female,86
Linn,Female,81
Linnea,Female,54
Linnell,Female,70
Linnet,Female,25
Linnie,Female,22
Linzy,Female,25
Liora,Female,68
Liorah,Female,57
Lira,Female,92
Lisa,Female,42
Lisabeth,Female,55
Lisandra,Female,82
Lisbeth,Female,22
Lise,Female,53
Lisetta,Female,25
Lisette,Female,69
Lisha,Female,88
Lishe,Female,46
Lissa,Female,57
Lissi,Female,29
Lissie,Female,88
Lissy,Female,61
Lita,Female,84
Liuka,Female,61
Livia,Female,61
Liz,Female,53
Liza,Female,79
Lizabeth,Female,65
Lizbeth,Female,27
Lizette,Female,28
Lizzie,Female,39
Lizzy,Female,30
Loella,Female,96
Lois,Female,49
Loise,Female,55
Lola,Female,60
Lolande,Female,84
Loleta,Female,84
Lolita,Female,71
Lolly,Female,31
Lona,Female,75
Lonee,Female,24
Loni,Female,20
Lonna,Female,81
Lonni,Female,93
Lonnie,Female,81
Lora,Female,91
Lorain,Female,75
Loraine,Female,76
Loralee,Female,21
Loralie,Female,31
Loralyn,Female,82
Loree,Female,56
Loreen,Female,62
Lorelei,Female,44
Lorelle,Female,60
Loren,Female,60
Lorena,Female,95
Lorene,Female,66
Lorenza,Female,55
Loretta,Female,86
Lorettalorna,Female,92
Lorette,Female,95
Lori,Female,58
Loria,Female,59
Lorianna,Female,65
Lorianne,Female,50
Lorie,Female,53
Lorilee,Female,41
Lorilyn,Female,27
Lorinda,Female,70
Lorine,Female,40
Lorita,Female,90
Lorna,Female,50
Lorne,Female,66
Lorraine,Female,46
Lorrayne,Female,74
Lorri,Female,95
Lorrie,Female,27
Lorrin,Female,44
Lorry,Female,62
Lory,Female,62
Lotta,Female,50
Lotte,Female,51
Lotti,Female,23
Lottie,Female,75
Lotty,Female,41
Lou,Female,47
Louella,Female,97
Louisa,Female,54
Louise,Female,99
Louisette,Female,90
Love,Female,75
Luana,Female,42
Luanna,Female,77
Luce,Female,99
Luci,Female,20
Lucia,Female,32
Luciana,Female,67
Lucie,Female,66
Lucienne,Female,37
Lucila,Female,47
Lucilia,Female,73
Lucille,Female,39
Lucina,Female,59
Lucinda,Female,69
Lucine,Female,63
Lucita,Female,58
Lucky,Female,48
Lucretia,Female,41
Lucy,Female,57
Luella,Female,96
Luelle,Female,57
Luisa,Female,31
Luise,Female,41
Lula,Female,71
Lulita,Female,96
Lulu,Female,65
Luna,Female,34
Lura,Female,48
Lurette,Female,66
Lurleen,Female,70
Lurlene,Female,43
Lurline,Female,98
Lusa,Female,70
Lust,Female,83
Lyda,Female,30
Lydia,Female,39
Lydie,Female,59
Lyn,Female,50
Lynda,Female,56
Lynde,Female,94
Lyndel,Female,91
Lyndell,Female,29
Lyndsay,Female,37
Lyndsey,Female,38
Lyndsie,Female,30
Lyndy,Female,59
Lynea,Female,89
Lynelle,Female,94
Lynett,Female,90
Lynette,Female,30
Lynn,Female,74
Lynna,Female,58
Lynne,Female,66
Lynnea,Female,81
Lynnell,Female,23
Lynnelle,Female,54
Lynnet,Female,98
Lynnett,Female,54
Lynnette,Female,76
Lynsey,Female,85
Lysandra,Female,38
Lyssa,Female,24
Mab,Female,80
Mabel,Female,92
Mabelle,Female,22
Mable,Female,80
Mada,Female,67
Madalena,Female,50
Madalyn,Female,61
Maddalena,Female,98
Maddi,Female,69
Maddie,Female,27
Maddy,Female,67
Madel,Female,82
Madelaine,Female,47
Madeleine,Female,67
Madelena,Female,70
Madelene,Female,69
Madelin,Female,87
Madelina,Female,43
Madeline,Female,37
Madella,Female,41
Madelle,Female,73
Madelon,Female,33
Madelyn,Female,60
Madge,Female,75
Madlen,Female,81
Madlin,Female,62
Madona,Female,57
Madonna,Female,54
Mady,Female,35
Mae,Female,50
Maegan,Female,68
Mag,Female,66
Magda,Female,30
Magdaia,Female,30
Magdalen,Female,48
Magdalena,Female,60
Magdalene,Female,23
Maggee,Female,62
Maggi,Female,98
Maggie,Female,89
Maggy,Female,39
Magna,Female,25
Mahala,Female,31
Mahalia,Female,27
Maia,Female,52
Maible,Female,32
Maiga,Female,69
Mair,Female,71
Maire,Female,84
Mairead,Female,44
Maisey,Female,59
Maisie,Female,86
Mala,Female,94
Malanie,Female,80
Malcah,Female,41
Malena,Female,86
Malia,Female,64
Malina,Female,81
Malinda,Female,28
Malinde,Female,86
Malissa,Female,27
Malissia,Female,41
Malka,Female,24
Malkah,Female,62
Mallissa,Female,62
Mallorie,Female,34
Mallory,Female,30
Malorie,Female,53
Malory,Female,29
Malva,Female,56
Malvina,Female,86
Malynda,Female,72
Mame,Female,79
Mamie,Female,96
Manda,Female,98
Mandi,Female,32
Mandie,Female,45
Mandy,Female,97
Manon,Female,24
Manya,Female,29
Mara,Female,83
Marabel,Female,20
Marcela,Female,78
Marcelia,Female,98
Marcella,Female,20
Marcelle,Female,75
Marcellina,Female,46
Marcelline,Female,82
Marchelle,Female,60
Marci,Female,22
Marcia,Female,56
Marcie,Female,48
Marcile,Female,31
Marcille,Female,33
Marcy,Female,69
Mareah,Female,91
Maren,Female,35
Marena,Female,50
Maressa,Female,47
Marga,Female,43
Margalit,Female,37
Margalo,Female,40
Margaret,Female,73
Margareta,Female,86
Margarete,Female,73
Margaretha,Female,30
Margarethe,Female,87
Margaretta,Female,31
Margarette,Female,89
Margarita,Female,69
Margaux,Female,26
Marge,Female,22
Margeaux,Female,93
Margery,Female,42
Marget,Female,48
Margette,Female,81
Margi,Female,52
Margie,Female,56
Margit,Female,87
Marglerite,Female,91
Margo,Female,65
Margot,Female,43
Margret,Female,74
Marguerite,Female,48
Margurite,Female,23
Margy,Female,23
Mari,Female,78
Maria,Female,30
Mariam,Female,64
Marian,Female,67
Mariana,Female,31
Mariann,Female,63
Marianna,Female,45
Marianne,Female,70
Maribel,Female,56
Maribelle,Female,57
Maribeth,Female,72
Marice,Female,56
Maridel,Female,96
Marie,Female,82
Marieann,Female,85
Marie-Ann,Female,41
Mariejeanne,Female,55
Marie-Jeanne,Female,95
Mariel,Female,62
Mariele,Female,38
Marielle,Female,52
Mariellen,Female,96
Marietta,Female,94
Mariette,Female,62
Marigold,Female,28
Marijo,Female,99
Marika,Female,50
Marilee,Female,58
Marilin,Female,88
Marillin,Female,30
Marilyn,Female,86
Marin,Female,91
Marina,Female,34
Marinna,Female,76
Marion,Female,91
Mariquilla,Female,86
Maris,Female,41
Marisa,Female,97
Mariska,Female,61
Marissa,Female,60
Marit,Female,98
Marita,Female,59
Maritsa,Female,80
Mariya,Female,98
Marj,Female,68
Marja,Female,81
Marje,Female,71
Marji,Female,74
Marjie,Female,93
Marjorie,Female,27
Marjory,Female,43
Marjy,Female,58
Marketa,Female,61
Marla,Female,44
Marlane,Female,94
Marleah,Female,24
Marlee,Female,57
Marleen,Female,68
Marlena,Female,74
Marlene,Female,92
Marley,Female,89
Marlie,Female,56
Marline,Female,44
Marlo,Female,49
Marlyn,Female,88
Marna,Female,77
Marne,Female,48
Marney,Female,30
Marni,Female,52
Marnia,Female,33
Marnie,Female,33
Marquita,Female,56
Marrilee,Female,49
Marris,Female,45
Marrissa,Female,68
Marry,Female,48
Marsha,Female,25
Marsiella,Female,80
Marta,Female,59
Martelle,Female,88
Martguerita,Female,43
Martha,Female,65
Marthe,Female,27
Marthena,Female,67
Marti,Female,64
Martica,Female,70
Martie,Female,81
Martina,Female,74
Martita,Female,63
Marty,Female,30
Martynne,Female,71
Mary,Female,50
Marya,Female,92
Maryangelyn,Female,70
Maryann,Female,66
Maryanna,Female,51
Maryanne,Female,87
Marybelle,Female,54
Marybeth,Female,34
Maryellen,Female,81
Maryjane,Female,86
Maryjo,Female,64
Maryl,Female,48
Marylee,Female,67
Marylin,Female,44
Marylinda,Female,54
Marylou,Female,30
Marylynne,Female,48
Maryrose,Female,20
Marys,Female,29
Marysa,Female,89
Masha,Female,53
Matelda,Female,95
Mathilda,Female,69
Mathilde,Female,60
Matilda,Female,38
Matilde,Female,71
Matti,Female,71
Mattie,Female,77
Matty,Female,31
Maud,Female,30
Maude,Female,25
Maudie,Female,69
Maura,Female,42
Maure,Female,25
Maureen,Female,53
Maureene,Female,68
Maurene,Female,21
Maurine,Female,41
Maurise,Female,56
Maurita,Female,44
Mavis,Female,29
Mavra,Female,86
Max,Female,52
Maxi,Female,78
Maxie,Female,84
Maxine,Female,92
Maxy,Female,26
May,Female,24
Maya,Female,93
Maybelle,Female,76
Mayda,Female,54
Maye,Female,72
Mead,Female,98
Meade,Female,85
Meagan,Female,41
Meaghan,Female,90
Meara,Female,64
Mechelle,Female,46
Meg,Female,61
Megan,Female,66
Megen,Female,38
Meggan,Female,22
Meggi,Female,87
Meggie,Female,48
Meggy,Female,67
Meghan,Female,80
Meghann,Female,30
Mehetabel,Female,23
Mei,Female,23
Meira,Female,54
Mel,Female,41
Mela,Female,80
Melamie,Female,81
Melania,Female,22
Melanie,Female,79
Melantha,Female,67
Melany,Female,76
Melba,Female,74
Melesa,Female,52
Melessa,Female,86
Melicent,Female,45
Melina,Female,47
Melinda,Female,97
Melinde,Female,89
Melisa,Female,99
Melisande,Female,56
Melisandra,Female,87
Melisenda,Female,93
Melisent,Female,96
Melissa,Female,60
Melisse,Female,56
Melita,Female,86
Melitta,Female,28
Mella,Female,27
Melli,Female,95
Mellicent,Female,20
Mellie,Female,54
Mellisa,Female,98
Mellisent,Female,75
Mellissa,Female,35
Melloney,Female,55
Melly,Female,75
Melodee,Female,65
Melodie,Female,78
Melody,Female,49
Melonie,Female,83
Melony,Female,71
Melosa,Female,22
Melva,Female,98
Mercedes,Female,27
Merci,Female,82
Mercie,Female,58
Mercy,Female,99
Meredith,Female,87
Meredithe,Female,85
Meridel,Female,83
Meridith,Female,52
Meriel,Female,85
Merilee,Female,99
Merilyn,Female,70
Meris,Female,58
Merissa,Female,74
Merl,Female,31
Merla,Female,87
Merle,Female,95
Merlina,Female,47
Merline,Female,52
Merna,Female,89
Merola,Female,90
Merralee,Female,52
Merridie,Female,77
Merrie,Female,61
Merrielle,Female,78
Merrile,Female,95
Merrilee,Female,41
Merrili,Female,61
Merrill,Female,43
Merrily,Female,36
Merry,Female,34
Mersey,Female,58
Meryl,Female,55
Meta,Female,70
Mia,Female,68
Micaela,Female,52
Michaela,Female,44
Michaelina,Female,31
Michaeline,Female,61
Michaella,Female,78
Michal,Female,27
Michel,Female,62
Michele,Female,91
Michelina,Female,82
Micheline,Female,86
Michell,Female,75
Michelle,Female,77
Micki,Female,73
Mickie,Female,95
Micky,Female,48
Midge,Female,72
Mignon,Female,25
Mignonne,Female,96
Miguela,Female,91
Miguelita,Female,52
Mikako,Female,73
Mildred,Female,67
Mildrid,Female,26
Milena,Female,25
Milicent,Female,81
Milissent,Female,66
Milka,Female,26
Milli,Female,37
Millicent,Female,60
Millie,Female,74
Millisent,Female,34
Milly,Female,92
Milzie,Female,86
Mimi,Female,80
Min,Female,48
Mina,Female,97
Minda,Female,95
Mindy,Female,36
Minerva,Female,92
Minetta,Female,63
Minette,Female,89
Minna,Female,21
Minni,Female,75
Minnie,Female,29
Minny,Female,84
Minta,Female,91
Miquela,Female,49
Mira,Female,86
Mirabel,Female,79
Mirabella,Female,69
Mirabelle,Female,59
Miran,Female,49
Miranda,Female,90
Mireielle,Female,72
Mireille,Female,92
Mirella,Female,63
Mirelle,Female,41
Miriam,Female,43
Mirilla,Female,78
Mirna,Female,49
Misha,Female,98
Missie,Female,38
Missy,Female,77
Misti,Female,91
Misty,Female,56
Mitra,Female,72
Mitzi,Female,91
Mmarianne,Female,64
Modesta,Female,95
Modestia,Female,84
Modestine,Female,37
Modesty,Female,45
Moina,Female,51
Moira,Female,46
Moll,Female,56
Mollee,Female,28
Molli,Female,64
Mollie,Female,84
Molly,Female,56
Mommy,Female,67
Mona,Female,40
Monah,Female,51
Monica,Female,97
Monika,Female,58
Monique,Female,92
Mora,Female,83
Moreen,Female,78
Morena,Female,91
Morgan,Female,72
Morgana,Female,24
Morganica,Female,82
Morganne,Female,72
Morgen,Female,66
Moria,Female,63
Morissa,Female,93
Morlee,Female,83
Morna,Female,46
Moselle,Female,72
Moya,Female,71
Moyna,Female,23
Moyra,Female,29
Mozelle,Female,91
Muffin,Female,27
Mufi,Female,44
Mufinella,Female,68
Muire,Female,71
Mureil,Female,90
Murial,Female,48
Muriel,Female,26
Murielle,Female,80
Myna,Female,73
Myra,Female,62
Myrah,Female,84
Myranda,Female,72
Myriam,Female,86
Myrilla,Female,73
Myrle,Female,22
Myrlene,Female,63
Myrna,Female,46
Myrta,Female,94
Myrtia,Female,72
Myrtice,Female,57
Myrtie,Female,35
Myrtle,Female,77
Nada,Female,60
Nadean,Female,90
Nadeen,Female,22
Nadia,Female,33
Nadine,Female,71
Nadiya,Female,39
Nady,Female,90
Nadya,Female,21
Nalani,Female,67
Nan,Female,57
Nana,Female,85
Nananne,Female,95
Nance,Female,77
Nancee,Female,56
Nancey,Female,70
Nanci,Female,26
Nancie,Female,64
Nancy,Female,36
Nanete,Female,99
Nanette,Female,70
Nani,Female,73
Nanice,Female,81
Nanine,Female,75
Nannette,Female,62
Nanni,Female,75
Nannie,Female,76
Nanny,Female,26
Nanon,Female,87
Naoma,Female,96
Naomi,Female,86
Nara,Female,90
Nari,Female,65
Nariko,Female,78
Nat,Female,92
Nata,Female,40
Natala,Female,40
Natalee,Female,48
Natalia,Female,79
Natalie,Female,32
Natalina,Female,90
Nataline,Female,51
Natalya,Female,80
Natasha,Female,81
Natassia,Female,65
Nathalia,Female,29
Nathalie,Female,31
Natka,Female,64
Natty,Female,74
Neala,Female,69
Neda,Female,25
Nedda,Female,33
Nedi,Female,55
Neely,Female,49
Neila,Female,27
Neile,Female,69
Neilla,Female,95
Neille,Female,75
Nela,Female,80
Nelia,Female,43
Nelie,Female,21
Nell,Female,44
Nelle,Female,79
Nelli,Female,63
Nellie,Female,22
Nelly,Female,93
Nena,Female,71
Nerissa,Female,28
Nerita,Female,55
Nert,Female,24
Nerta,Female,42
Nerte,Female,76
Nerti,Female,55
Nertie,Female,45
Nerty,Female,64
Nessa,Female,87
Nessi,Female,61
Nessie,Female,85
Nessy,Female,21
Nesta,Female,88
Netta,Female,81
Netti,Female,56
Nettie,Female,57
Nettle,Female,33
Netty,Female,68
Nevsa,Female,50
Neysa,Female,90
Nichol,Female,25
Nichole,Female,70
Nicholle,Female,42
Nicki,Female,23
Nickie,Female,53
Nicky,Female,55
Nicol,Female,26
Nicola,Female,26
Nicole,Female,47
Nicolea,Female,54
Nicolette,Female,99
Nicoli,Female,45
Nicolina,Female,70
Nicoline,Female,48
Nicolle,Female,88
Nidia,Female,71
Nike,Female,63
Niki,Female,32
Nikki,Female,46
Nikkie,Female,78
Nikoletta,Female,36
Nikolia,Female,60
Nil,Female,79
Nina,Female,53
Ninetta,Female,98
Ninette,Female,77
Ninnetta,Female,26
Ninnette,Female,88
Ninon,Female,23
Nisa,Female,27
Nissa,Female,28
Nisse,Female,61
Nissie,Female,77
Nissy,Female,77
Nita,Female,42
Nitin,Female,54
Nixie,Female,70
Noami,Female,80
Noel,Female,71
Noelani,Female,75
Noell,Female,50
Noella,Female,83
Noelle,Female,28
Noellyn,Female,57
Noelyn,Female,99
Noemi,Female,46
Nola,Female,39
Nolana,Female,26
Nolie,Female,21
Nollie,Female,54
Nomi,Female,39
Nona,Female,35
Nonah,Female,31
Noni,Female,24
Nonie,Female,95
Nonna,Female,80
Nonnah,Female,36
Nora,Female,90
Norah,Female,57
Norean,Female,44
Noreen,Female,66
Norene,Female,39
Norina,Female,28
Norine,Female,78
Norma,Female,63
Norri,Female,42
Norrie,Female,60
Norry,Female,33
Nova,Female,25
Novelia,Female,87
Nydia,Female,29
Nyssa,Female,91
Octavia,Female,65
Odele,Female,91
Odelia,Female,62
Odelinda,Female,25
Odella,Female,76
Odelle,Female,76
Odessa,Female,25
Odetta,Female,96
Odette,Female,50
Odilia,Female,73
Odille,Female,83
Ofelia,Female,56
Ofella,Female,71
Ofilia,Female,35
Ola,Female,27
Olenka,Female,79
Olga,Female,89
Olia,Female,82
Olimpia,Female,21
Olive,Female,44
Olivette,Female,66
Olivia,Female,94
Olivie,Female,86
Oliy,Female,94
Ollie,Female,59
Olly,Female,49
Olva,Female,21
Olwen,Female,27
Olympe,Female,70
Olympia,Female,39
Olympie,Female,42
Ondrea,Female,86
Oneida,Female,31
Onida,Female,85
Onlea,Female,50
Oona,Female,49
Opal,Female,24
Opalina,Female,66
Opaline,Female,83
Ophelia,Female,35
Ophelie,Female,90
Oprah,Female,34
Ora,Female,80
Oralee,Female,73
Oralia,Female,71
Oralie,Female,49
Oralla,Female,31
Oralle,Female,45
Orel,Female,46
Orelee,Female,82
Orelia,Female,28
Orelie,Female,88
Orella,Female,88
Orelle,Female,70
Oreste,Female,90
Oriana,Female,47
Orly,Female,85
Orsa,Female,34
Orsola,Female,56
Ortensia,Female,42
Otha,Female,53
Othelia,Female,20
Othella,Female,94
Othilia,Female,86
Othilie,Female,40
Ottilie,Female,96
Pacifica,Female,63
Page,Female,94
Paige,Female,86
Paloma,Female,22
Pam,Female,35
Pamela,Female,22
Pamelina,Female,48
Pamella,Female,99
Pammi,Female,43
Pammie,Female,90
Pammy,Female,69
Pandora,Female,54
Pansie,Female,83
Pansy,Female,63
Paola,Female,37
Paolina,Female,53
Parwane,Female,51
Pat,Female,83
Patience,Female,91
Patrica,Female,48
Patrice,Female,53
Patricia,Female,96
Patrizia,Female,42
Patsy,Female,58
Patti,Female,78
Pattie,Female,83
Patty,Female,21
Paula,Female,38
Paula-Grace,Female,69
Paule,Female,35
Pauletta,Female,90
Paulette,Female,57
Pauli,Female,87
Paulie,Female,50
Paulina,Female,53
Pauline,Female,70
Paulita,Female,20
Pauly,Female,92
Pavia,Female,25
Pavla,Female,44
Pearl,Female,31
Pearla,Female,52
Pearle,Female,35
Pearline,Female,79
Peg,Female,98
Pegeen,Female,89
Peggi,Female,93
Peggie,Female,37
Peggy,Female,60
Pen,Female,35
Penelopa,Female,65
Penelope,Female,55
Penni,Female,66
Pennie,Female,86
Penny,Female,99
Pepi,Female,81
Pepita,Female,87
Peri,Female,46
Peria,Female,56
Perl,Female,86
Perla,Female,76
Perle,Female,50
Perri,Female,37
Perrine,Female,31
Perry,Female,21
Persis,Female,28
Pet,Female,59
Peta,Female,91
Petra,Female,82
Petrina,Female,58
Petronella,Female,36
Petronia,Female,90
Petronilla,Female,88
Petronille,Female,25
Petunia,Female,49
Phaedra,Female,58
Phaidra,Female,24
Phebe,Female,82
Phedra,Female,48
Phelia,Female,85
Phil,Female,40
Philipa,Female,90
Philippa,Female,61
Philippe,Female,99
Philippine,Female,54
Philis,Female,23
Phillida,Female,67
Phillie,Female,69
Phillis,Female,25
Philly,Female,53
Philomena,Female,28
Phoebe,Female,75
Phylis,Female,23
Phyllida,Female,24
Phyllis,Female,60
Phyllys,Female,29
Phylys,Female,30
Pia,Female,32
Pier,Female,32
Pierette,Female,62
Pierrette,Female,50
Pietra,Female,74
Piper,Female,90
Pippa,Female,23
Pippy,Female,37
Polly,Female,51
Pollyanna,Female,34
Pooh,Female,77
Poppy,Female,39
Portia,Female,64
Pris,Female,99
Prisca,Female,20
Priscella,Female,68
Priscilla,Female,34
Prissie,Female,97
Pru,Female,79
Prudence,Female,65
Prudi,Female,79
Prudy,Female,47
Prue,Female,24
Prunella,Female,37
Queada,Female,80
Queenie,Female,30
Quentin,Female,68
Querida,Female,34
Quinn,Female,32
Quinta,Female,62
Quintana,Female,89
Quintilla,Female,33
Quintina,Female,44
Rachael,Female,46
Rachel,Female,88
Rachele,Female,74
Rachelle,Female,72
Rae,Female,44
Raf,Female,59
Rafa,Female,42
Rafaela,Female,74
Rafaelia,Female,75
Rafaelita,Female,31
Ragnhild,Female,69
Rahal,Female,78
Rahel,Female,45
Raina,Female,47
Raine,Female,60
Rakel,Female,64
Ralina,Female,29
Ramona,Female,81
Ramonda,Female,27
Rana,Female,25
Randa,Female,67
Randee,Female,39
Randene,Female,91
Randi,Female,87
Randie,Female,91
Randy,Female,45
Ranee,Female,23
Rani,Female,99
Rania,Female,45
Ranice,Female,28
Ranique,Female,82
Ranna,Female,22
Raphaela,Female,42
Raquel,Female,24
Raquela,Female,49
Rasia,Female,46
Rasla,Female,88
Raven,Female,79
Ray,Female,80
Raychel,Female,29
Raye,Female,95
Rayna,Female,97
Raynell,Female,96
Rayshell,Female,53
Rea,Female,64
Reba,Female,96
Rebbecca,Female,21
Rebe,Female,66
Rebeca,Female,37
Rebecca,Female,50
Rebecka,Female,70
Rebeka,Female,27
Rebekah,Female,93
Rebekkah,Female,55
Ree,Female,79
Reeba,Female,65
Reena,Female,56
Reeta,Female,22
Reeva,Female,98
Regan,Female,27
Reggi,Female,30
Reggie,Female,92
Regina,Female,90
Regine,Female,99
Reiko,Female,20
Reina,Female,50
Reine,Female,67
Remy,Female,48
Rena,Female,35
Renae,Female,52
Renata,Female,91
Renate,Female,91
Rene,Female,45
Renee,Female,20
Renel,Female,92
Renell,Female,94
Renelle,Female,80
Renie,Female,99
Rennie,Female,75
Reta,Female,75
Retha,Female,83
Revkah,Female,24
Rey,Female,70
Reyna,Female,76
Rhea,Female,65
Rheba,Female,83
Rheta,Female,57
Rhetta,Female,47
Rhiamon,Female,35
Rhianna,Female,79
Rhianon,Female,21
Rhoda,Female,69
Rhodia,Female,82
Rhodie,Female,47
Rhody,Female,61
Rhona,Female,92
Rhonda,Female,63
Riane,Female,71
Riannon,Female,49
Rianon,Female,44
Rica,Female,51
Ricca,Female,89
Rici,Female,63
Ricki,Female,94
Rickie,Female,82
Ricky,Female,42
Riki,Female,79
Rikki,Female,86
Rina,Female,70
Risa,Female,56
Rissa,Female,70
Rita,Female,97
Riva,Female,30
Rivalee,Female,53
Rivi,Female,24
Rivkah,Female,30
Rivy,Female,46
Roana,Female,51
Roanna,Female,30
Roanne,Female,93
Robbi,Female,37
Robbie,Female,90
Robbin,Female,86
Robby,Female,75
Robbyn,Female,27
Robena,Female,25
Robenia,Female,97
Roberta,Female,40
Robin,Female,46
Robina,Female,74
Robinet,Female,73
Robinett,Female,93
Robinetta,Female,48
Robinette,Female,68
Robinia,Female,28
Roby,Female,78
Robyn,Female,71
Roch,Female,47
Rochell,Female,93
Rochella,Female,33
Rochelle,Female,90
Rochette,Female,56
Roda,Female,71
Rodi,Female,67
Rodie,Female,88
Rodina,Female,56
Romola,Female,87
Romona,Female,94
Romonda,Female,64
Romy,Female,21
Rona,Female,25
Ronalda,Female,40
Ronda,Female,64
Ronica,Female,47
Ronna,Female,94
Ronni,Female,25
Ronnica,Female,64
Ronnie,Female,30
Ronny,Female,24
Roobbie,Female,92
Rora,Female,40
Rori,Female,28
Rorie,Female,86
Rory,Female,98
Ros,Female,76
Rosa,Female,32
Rosabel,Female,89
Rosabella,Female,28
Rosabelle,Female,42
Rosaleen,Female,55
Rosalia,Female,42
Rosalie,Female,78
Rosalind,Female,23
Rosalinda,Female,21
Rosalinde,Female,81
Rosaline,Female,21
Rosalyn,Female,70
Rosalynd,Female,32
Rosamond,Female,97
Rosamund,Female,91
Rosana,Female,24
Rosanna,Female,20
Rosanne,Female,65
Rosario,Female,43
Rose,Female,38
Roseann,Female,63
Roseanna,Female,20
Roseanne,Female,63
Roselia,Female,54
Roselin,Female,58
Roseline,Female,67
Rosella,Female,92
Roselle,Female,74
Roselyn,Female,88
Rosemaria,Female,41
Rosemarie,Female,77
Rosemary,Female,58
Rosemonde,Female,95
Rosene,Female,69
Rosetta,Female,24
Rosette,Female,70
Roshelle,Female,76
Rosie,Female,27
Rosina,Female,71
Rosita,Female,44
Roslyn,Female,42
Rosmunda,Female,48
Rosy,Female,99
Row,Female,94
Rowe,Female,69
Rowena,Female,38
Roxana,Female,74
Roxane,Female,99
Roxanna,Female,34
Roxanne,Female,48
Roxi,Female,30
Roxie,Female,69
Roxine,Female,91
Roxy,Female,87
Roz,Female,32
Rozalie,Female,68
Rozalin,Female,99
Rozamond,Female,64
Rozanna,Female,64
Rozanne,Female,87
Roze,Female,72
Rozele,Female,99
Rozella,Female,83
Rozelle,Female,40
Rozina,Female,85
Rubetta,Female,27
Rubi,Female,25
Rubia,Female,26
Rubie,Female,39
Rubina,Female,29
Ruby,Female,66
Ruella,Female,37
Ruperta,Female,72
Ruth,Female,76
Ruthann,Female,48
Ruthanne,Female,38
Ruthe,Female,32
Ruthi,Female,41
Ruthie,Female,31
Ruthy,Female,87
Ryann,Female,23
Rycca,Female,27
Saba,Female,33
Sabina,Female,55
Sabine,Female,61
Sabra,Female,48
Sabrina,Female,77
Sacha,Female,46
Sada,Female,21
Sadella,Female,62
Sadie,Female,71
Sal,Female,93
Sallee,Female,63
Salli,Female,62
Sallie,Female,40
Sally,Female,68
Sallyann,Female,33
Sallyanne,Female,79
Salome,Female,82
Sam,Female,31
Samantha,Female,28
Samara,Female,85
Samaria,Female,75
Sammy,Female,97
Samuela,Female,66
Samuella,Female,37
Sande,Female,58
Sandi,Female,95
Sandie,Female,85
Sandra,Female,31
Sandy,Female,32
Sandye,Female,61
Sapphira,Female,72
Sapphire,Female,33
Sara,Female,92
Saraann,Female,94
Sara-Ann,Female,62
Sarah,Female,58
Sarajane,Female,98
Saree,Female,66
Sarena,Female,87
Sarene,Female,50
Sarette,Female,70
Sari,Female,24
Sarina,Female,99
Sarine,Female,49
Sarita,Female,33
Sascha,Female,42
Sasha,Female,62
Sashenka,Female,95
Saudra,Female,87
Saundra,Female,30
Savina,Female,74
Sayre,Female,91
Scarlet,Female,65
Scarlett,Female,47
Scotty,Female,20
Sean,Female,82
Seana,Female,99
Secunda,Female,99
Seka,Female,63
Sela,Female,89
Selena,Female,40
Selene,Female,69
Selestina,Female,60
Selia,Female,95
Selie,Female,31
Selina,Female,73
Selinda,Female,69
Seline,Female,98
Sella,Female,37
Selle,Female,22
Selma,Female,91
Sena,Female,42
Sephira,Female,98
Serena,Female,38
Serene,Female,20
Shaina,Female,38
Shaine,Female,61
Shalna,Female,85
Shalne,Female,68
Shamit,Female,84
Shana,Female,53
Shanda,Female,51
Shandee,Female,93
Shandie,Female,35
Shandra,Female,20
Shandy,Female,67
Shane,Female,83
Shani,Female,68
Shanie,Female,61
Shanna,Female,49
Shannah,Female,47
Shannen,Female,59
Shannon,Female,49
Shanon,Female,33
Shanta,Female,42
Shantee,Female,63
Shara,Female,34
Sharai,Female,94
Shari,Female,81
Sharia,Female,36
Sharie,Female,88
Sharity,Female,29
Sharl,Female,27
Sharla,Female,30
Sharleen,Female,95
Sharlene,Female,28
Sharline,Female,21
Sharna,Female,95
Sharon,Female,37
Sharona,Female,86
Sharra,Female,48
Sharron,Female,94
Sharyl,Female,82
Shaun,Female,58
Shauna,Female,46
Shawn,Female,38
Shawna,Female,65
Shawnee,Female,73
Shay,Female,83
Shayla,Female,79
Shaylah,Female,61
Shaylyn,Female,31
Shaylynn,Female,87
Shayna,Female,81
Shayne,Female,79
Shea,Female,94
Sheba,Female,28
Sheela,Female,24
Sheelagh,Female,96
Sheelah,Female,63
Sheena,Female,43
Sheeree,Female,62
Sheila,Female,97
Sheilah,Female,95
Sheilakathryn,Female,26
Sheila-Kathryn,Female,94
Shel,Female,89
Shela,Female,57
Shelagh,Female,66
Shelba,Female,21
Shelbi,Female,50
Shelby,Female,79
Shelia,Female,89
Shell,Female,39
Shelley,Female,57
Shelli,Female,26
Shellie,Female,45
Shelly,Female,88
Shena,Female,98
Sher,Female,85
Sheree,Female,81
Sheri,Female,34
Sherie,Female,45
Sheril,Female,65
Sherill,Female,75
Sherilyn,Female,66
Sherline,Female,36
Sherri,Female,59
Sherrie,Female,61
Sherry,Female,99
Sherye,Female,22
Sheryl,Female,46
Shilpa,Female,41
Shina,Female,88
Shir,Female,62
Shira,Female,67
Shirah,Female,41
Shirl,Female,23
Shirlee,Female,97
Shirleen,Female,78
Shirlene,Female,86
Shirley,Female,22
Shirline,Female,99
Shoshana,Female,90
Shoshanna,Female,54
Shoshie,Female,30
Siana,Female,99
Sianna,Female,96
Sib,Female,61
Sibbie,Female,82
Sibby,Female,31
Sibeal,Female,88
Sibel,Female,28
Sibella,Female,60
Sibelle,Female,67
Sibilla,Female,75
Sibley,Female,75
Sibyl,Female,97
Sibylla,Female,43
Sibylle,Female,46
Sidoney,Female,68
Sidonia,Female,90
Sidonnie,Female,23
Sigrid,Female,43
Sile,Female,21
Sileas,Female,93
Silva,Female,56
Silvana,Female,72
Silvia,Female,72
Silvie,Female,21
Simona,Female,72
Simone,Female,68
Simonette,Female,97
Simonne,Female,27
Sindee,Female,33
Sinead,Female,91
Siobhan,Female,79
Sioux,Female,28
Siouxie,Female,47
Sisely,Female,65
Sisile,Female,72
Sissie,Female,28
Sissy,Female,45
Sofia,Female,61
Sofie,Female,46
Solange,Female,66
Sondra,Female,40
Sonia,Female,20
Sonja,Female,67
Sonni,Female,48
Sonnie,Female,90
Sonnnie,Female,33
Sonny,Female,47
Sonya,Female,47
Sophey,Female,82
Sophi,Female,70
Sophia,Female,53
Sophie,Female,73
Sophronia,Female,63
Sorcha,Female,65
Sosanna,Female,83
Stace,Female,72
Stacee,Female,33
Stacey,Female,64
Staci,Female,68
Stacia,Female,39
Stacie,Female,67
Stacy,Female,78
Stafani,Female,89
Star,Female,98
Starla,Female,46
Starlene,Female,54
Starlin,Female,61
Starr,Female,95
Stefa,Female,89
Stefania,Female,31
Stefanie,Female,60
Steffane,Female,67
Steffi,Female,48
Steffie,Female,29
Stella,Female,73
Stepha,Female,25
Stephana,Female,29
Stephani,Female,58
Stephanie,Female,88
Stephannie,Female,58
Stephenie,Female,64
Stephi,Female,61
Stephie,Female,55
Stephine,Female,85
Stesha,Female,61
Stevana,Female,93
Stevena,Female,75
Stoddard,Female,37
Storey,Female,97
Storm,Female,80
Stormi,Female,63
Stormie,Female,56
Stormy,Female,63
Sue,Female,94
Sue-elle,Female,79
Suellen,Female,69
Sukey,Female,71
Suki,Female,36
Sula,Female,62
Sunny,Female,57
Sunshine,Female,58
Susan,Female,57
Susana,Female,60
Susanetta,Female,32
Susann,Female,34
Susanna,Female,58
Susannah,Female,81
Susanne,Female,47
Susette,Female,59
Susi,Female,87
Susie,Female,62
Sussi,Female,79
Susy,Female,92
Suzan,Female,48
Suzann,Female,50
Suzanna,Female,96
Suzanne,Female,99
Suzetta,Female,48
Suzette,Female,55
Suzi,Female,81
Suzie,Female,89
Suzy,Female,69
Suzzy,Female,65
Sybil,Female,54
Sybila,Female,59
Sybilla,Female,50
Sybille,Female,94
Sybyl,Female,48
Sydel,Female,44
Sydelle,Female,72
Sydney,Female,98
Sylvia,Female,26
Sylvie,Female,94
Tabatha,Female,60
Tabbatha,Female,46
Tabbi,Female,94
Tabbie,Female,94
Tabbitha,Female,78
Tabby,Female,65
Tabina,Female,99
Tabitha,Female,97
Taffy,Female,20
Talia,Female,50
Tallia,Female,21
Tallie,Female,28
Tally,Female,85
Talya,Female,43
Talyah,Female,89
Tamar,Female,29
Tamara,Female,98
Tamarah,Female,43
Tamarra,Female,22
Tamera,Female,24
Tami,Female,55
Tamiko,Female,93
Tamma,Female,48
Tammara,Female,78
Tammi,Female,48
Tammie,Female,89
Tammy,Female,64
Tamra,Female,82
Tana,Female,38
Tandi,Female,87
Tandie,Female,22
Tandy,Female,95
Tani,Female,33
Tania,Female,95
Tansy,Female,58
Tanya,Female,47
Tara,Female,42
Tarah,Female,80
Tarra,Female,58
Tarrah,Female,66
Taryn,Female,85
Tasha,Female,33
Tasia,Female,88
Tate,Female,88
Tatiana,Female,36
Tatiania,Female,89
Tatum,Female,48
Tawnya,Female,52
Tawsha,Female,79
Teane,Female,35
Ted,Female,60
Tedda,Female,48
Teddi,Female,66
Teddie,Female,42
Teddy,Female,98
Tedi,Female,27
Tedra,Female,93
Teena,Female,58
Tella,Female,69
Teodora,Female,89
Tera,Female,71
Teresa,Female,96
TeresaAnne,Female,88
Terese,Female,62
Teresina,Female,80
Teresita,Female,24
Teressa,Female,23
Teri,Female,96
Teriann,Female,28
Terina,Female,92
Terra,Female,96
Terri,Female,44
Terrianne,Female,55
Terrie,Female,75
Terri-Jo,Female,87
Terry,Female,70
Terrye,Female,64
Tersina,Female,65
Teryl,Female,87
Terza,Female,58
Tess,Female,24
Tessa,Female,83
Tessi,Female,84
Tessie,Female,20
Tessy,Female,72
Thalia,Female,83
Thea,Female,95
Theada,Female,56
Theadora,Female,85
Theda,Female,88
Thekla,Female,63
Thelma,Female,40
Theo,Female,83
Theodora,Female,32
Theodosia,Female,51
Theresa,Female,58
Theresa-Marie,Female,52
Therese,Female,36
Theresina,Female,97
Theresita,Female,95
Theressa,Female,56
Therine,Female,27
Thia,Female,62
Thomasa,Female,33
Thomasin,Female,23
Thomasina,Female,78
Thomasine,Female,92
Tia,Female,27
Tiana,Female,90
Tiena,Female,20
Tierney,Female,74
Tiertza,Female,90
Tiff,Female,45
Tiffani,Female,94
Tiffanie,Female,39
Tiffany,Female,57
Tiffi,Female,60
Tiffie,Female,31
Tiffy,Female,39
Tilda,Female,52
Tildi,Female,31
Tildie,Female,47
Tildy,Female,70
Tillie,Female,61
Tilly,Female,42
Tim,Female,51
Timi,Female,95
Timmi,Female,94
Timmie,Female,86
Timmy,Female,63
Timothea,Female,89
Tina,Female,94
Tine,Female,41
Tiphani,Female,46
Tiphanie,Female,98
Tiphany,Female,59
Tish,Female,69
Tisha,Female,25
Tobe,Female,25
Tobey,Female,20
Tobi,Female,27
Tobie,Female,70
Toby,Female,31
Tobye,Female,32
Toinette,Female,33
Toma,Female,73
Tomasina,Female,48
Tomasine,Female,66
Tomi,Female,22
Tomiko,Female,94
Tommi,Female,90
Tommie,Female,99
Tommy,Female,50
Toni,Female,71
Tonia,Female,77
Tonie,Female,24
Tony,Female,65
Tonya,Female,75
Tootsie,Female,73
Torey,Female,38
Tori,Female,98
Torie,Female,79
Torrie,Female,32
Tory,Female,68
Tova,Female,23
Tove,Female,68
Trace,Female,30
Tracee,Female,44
Tracey,Female,22
Traci,Female,81
Tracie,Female,40
Tracy,Female,83
Trenna,Female,42
Tresa,Female,60
Trescha,Female,77
Tressa,Female,78
Tricia,Female,35
Trina,Female,28
Trish,Female,57
Trisha,Female,60
Trista,Female,68
Trix,Female,75
Trixi,Female,51
Trixie,Female,67
Trixy,Female,26
Truda,Female,58
Trude,Female,56
Trudey,Female,95
Trudi,Female,98
Trudie,Female,89
Trudy,Female,81
Trula,Female,84
Tuesday,Female,82
Twila,Female,40
Twyla,Female,73
Tybi,Female,36
Tybie,Female,28
Tyne,Female,84
Ula,Female,83
Ulla,Female,71
Ulrica,Female,59
Ulrika,Female,78
Ulrike,Female,38
Umeko,Female,59
Una,Female,71
Ursa,Female,48
Ursala,Female,89
Ursola,Female,41
Ursula,Female,78
Ursulina,Female,71
Ursuline,Female,35
Uta,Female,76
Val,Female,58
Valaree,Female,86
Valaria,Female,66
Vale,Female,99
Valeda,Female,46
Valencia,Female,55
Valene,Female,23
Valenka,Female,41
Valentia,Female,66
Valentina,Female,98
Valentine,Female,42
Valera,Female,34
Valeria,Female,61
Valerie,Female,26
Valery,Female,88
Valerye,Female,83
Valida,Female,99
Valina,Female,37
Valli,Female,69
Vallie,Female,99
Vally,Female,42
Valma,Female,59
Valry,Female,29
Van,Female,72
Vanda,Female,67
Vanessa,Female,47
Vania,Female,94
Vanna,Female,67
Vanni,Female,51
Vannie,Female,24
Vanny,Female,59
Vanya,Female,51
Veda,Female,36
Velma,Female,40
Velvet,Female,42
Vena,Female,75
Venita,Female,84
Ventura,Female,43
Venus,Female,37
Vera,Female,80
Veradis,Female,69
Vere,Female,71
Verena,Female,35
Verene,Female,24
Veriee,Female,28
Verile,Female,33
Verina,Female,22
Verine,Female,90
Verla,Female,61
Verna,Female,26
Vernice,Female,83
Veronica,Female,88
Veronika,Female,60
Veronike,Female,77
Veronique,Female,77
Vi,Female,64
Vicki,Female,70
Vickie,Female,21
Vicky,Female,69
Victoria,Female,44
Vida,Female,69
Viki,Female,48
Vikki,Female,33
Vikkie,Female,98
Vikky,Female,78
Vilhelmina,Female,72
Vilma,Female,35
Vin,Female,95
Vina,Female,52
Vinita,Female,95
Vinni,Female,24
Vinnie,Female,87
Vinny,Female,20
Viola,Female,69
Violante,Female,89
Viole,Female,41
Violet,Female,61
Violetta,Female,63
Violette,Female,84
Virgie,Female,74
Virgina,Female,96
Virginia,Female,46
Virginie,Female,22
Vita,Female,77
Vitia,Female,90
Vitoria,Female,35
Vittoria,Female,85
Viv,Female,45
Viva,Female,97
Vivi,Female,74
Vivia,Female,57
Vivian,Female,50
Viviana,Female,97
Vivianna,Female,45
Vivianne,Female,95
Vivie,Female,73
Vivien,Female,20
Viviene,Female,32
Vivienne,Female,97
Viviyan,Female,89
Vivyan,Female,99
Vivyanne,Female,45
Vonni,Female,79
Vonnie,Female,58
Vonny,Female,75
Wallie,Female,68
Wallis,Female,35
Wally,Female,31
Waly,Female,43
Wanda,Female,23
Wandie,Female,96
Wandis,Female,93
Waneta,Female,84
Wenda,Female,77
Wendeline,Female,58
Wendi,Female,46
Wendie,Female,36
Wendy,Female,82
Wenona,Female,86
Wenonah,Female,95
Whitney,Female,28
Wileen,Female,55
Wilhelmina,Female,75
Wilhelmine,Female,97
Wilie,Female,76
Willa,Female,93
Willabella,Female,61
Willamina,Female,55
Willetta,Female,29
Willette,Female,31
Willi,Female,59
Willie,Female,60
Willow,Female,61
Willy,Female,63
Willyt,Female,55
Wilma,Female,87
Wilmette,Female,43
Wilona,Female,61
Wilone,Female,43
Wilow,Female,61
Windy,Female,36
Wini,Female,24
Winifred,Female,29
Winna,Female,99
Winnah,Female,46
Winne,Female,73
Winni,Female,32
Winnie,Female,81
Winnifred,Female,66
Winny,Female,27
Winona,Female,41
Winonah,Female,45
Wren,Female,97
Wrennie,Female,87
Wylma,Female,43
Wynn,Female,87
Wynne,Female,51
Wynnie,Female,43
Wynny,Female,87
Xaviera,Female,21
Xena,Female,76
Xenia,Female,69
Xylia,Female,65
Xylina,Female,30
Yalonda,Female,79
Yehudit,Female,85
Yelena,Female,32
Yetta,Female,37
Yettie,Female,47
Yetty,Female,90
Yevette,Female,25
Yoko,Female,42
Yolanda,Female,85
Yolande,Female,68
Yolane,Female,43
Yolanthe,Female,90
Yonina,Female,35
Yoshi,Female,33
Yoshiko,Female,44
Yovonnda,Female,68
Yvette,Female,72
Yvonne,Female,63
Zabrina,Female,20
Zahara,Female,58
Zandra,Female,69
Zaneta,Female,52
Zara,Female,89
Zarah,Female,78
Zaria,Female,21
Zarla,Female,89
Zea,Female,40
Zelda,Female,93
Zelma,Female,76
Zena,Female,48
Zenia,Female,37
Zia,Female,99
Zilvia,Female,48
Zita,Female,90
Zitella,Female,20
Zoe,Female,73
Zola,Female,57
Zonda,Female,83
Zondra,Female,21
Zonnya,Female,83
Zora,Female,28
Zorah,Female,88
Zorana,Female,41
Zorina,Female,20
Zorine,Female,99
Zsa Zsa,Female,39
Zsazsa,Female,33
Zulema,Female,96
Zuzana,Female,47
