Aamir,Male,97
Aaron,Male,42
Abbey,Male,61
Abbie,Male,70
Abbot,Male,29
Abbott,Male,60
Abby,Male,50
Abdel,Male,35
Abdul,Male,45
Abdulkarim,Male,63
Abdullah,Male,29
Abe,Male,46
Abel,Male,85
Abelard,Male,46
Abner,Male,51
Abraham,Male,81
Abram,Male,89
Ace,Male,46
Adair,Male,52
Adam,Male,22
Adams,Male,98
Addie,Male,63
Adger,Male,89
Aditya,Male,32
Adlai,Male,35
Adnan,Male,91
Adolf,Male,54
Adolfo,Male,68
Adolph,Male,84
Adolphe,Male,66
Adolpho,Male,52
Adolphus,Male,78
Adrian,Male,66
Adrick,Male,94
Adrien,Male,94
Agamemnon,Male,37
Aguinaldo,Male,49
Aguste,Male,41
Agustin,Male,58
Aharon,Male,36
Ahmad,Male,32
Ahmed,Male,46
Ahmet,Male,97
Ajai,Male,29
Ajay,Male,98
Al,Male,69
Alaa,Male,83
Alain,Male,77
Alan,Male,30
Alasdair,Male,30
Alastair,Male,29
Albatros,Male,41
Albert,Male,36
Alberto,Male,28
Albrecht,Male,80
Alden,Male,66
Aldis,Male,55
Aldo,Male,26
Aldric,Male,99
Aldrich,Male,49
Aldus,Male,90
Aldwin,Male,64
Alec,Male,46
Aleck,Male,38
Alejandro,Male,54
Aleks,Male,40
Aleksandrs,Male,55
Alessandro,Male,52
Alex,Male,32
Alexander,Male,31
Alexei,Male,81
Alexis,Male,99
Alf,Male,46
Alfie,Male,36
Alfonse,Male,40
Alfonso,Male,98
Alfonzo,Male,28
Alford,Male,42
Alfred,Male,85
Alfredo,Male,81
Algernon,Male,35
Ali,Male,78
Alic,Male,81
Alister,Male,57
Alix,Male,99
Allah,Male,63
Allan,Male,48
Allen,Male,55
Alley,Male,92
Allie,Male,90
Allin,Male,87
Allyn,Male,48
Alonso,Male,64
Alonzo,Male,64
Aloysius,Male,83
Alphonse,Male,55
Alphonso,Male,27
Alston,Male,33
Alton,Male,84
Alvin,Male,96
Alwin,Male,28
Amadeus,Male,59
Ambros,Male,59
Ambrose,Male,65
Ambrosi,Male,71
Ambrosio,Male,74
Ambrosius,Male,48
Amery,Male,80
Amory,Male,56
Amos,Male,57
Anatol,Male,61
Anatole,Male,68
Anatollo,Male,47
Anatoly,Male,71
Anders,Male,52
Andie,Male,27
Andonis,Male,70
Andre,Male,37
Andrea,Male,76
Andreas,Male,30
Andrej,Male,76
Andres,Male,62
Andrew,Male,37
Andrey,Male,79
Andri,Male,36
Andros,Male,78
Andrus,Male,55
Andrzej,Male,36
Andy,Male,40
Angel,Male,90
Angelico,Male,98
Angelo,Male,77
Angie,Male,74
Angus,Male,89
Ansel,Male,67
Ansell,Male,54
Anselm,Male,31
Anson,Male,67
Anthony,Male,98
Antin,Male,37
Antoine,Male,70
Anton,Male,42
Antone,Male,92
Antoni,Male,60
Antonin,Male,87
Antonino,Male,71
Antonio,Male,62
Antonius,Male,70
Antony,Male,24
Anurag,Male,22
Apollo,Male,59
Apostolos,Male,95
Aram,Male,59
Archibald,Male,68
Archibold,Male,87
Archie,Male,40
Archon,Male,50
Archy,Male,54
Arel,Male,77
Ari,Male,82
Arie,Male,75
Ariel,Male,27
Aristotle,Male,22
Arlo,Male,71
Armand,Male,71
Armando,Male,47
Armond,Male,99
Armstrong,Male,34
Arne,Male,65
Arnie,Male,70
Arnold,Male,62
Arnoldo,Male,83
Aron,Male,78
Arron,Male,25
Art,Male,38
Arther,Male,96
Arthur,Male,54
Artie,Male,84
Artur,Male,39
Arturo,Male,77
Arvie,Male,92
Arvin,Male,82
Arvind,Male,86
Arvy,Male,33
Ash,Male,72
Ashby,Male,71
Ashish,Male,35
Ashley,Male,22
Ashton,Male,88
Aub,Male,27
Aube,Male,97
Aubert,Male,37
Aubrey,Male,34
Augie,Male,34
August,Male,29
Augustin,Male,81
Augustine,Male,88
Augusto,Male,93
Augustus,Male,64
Austen,Male,38
Austin,Male,22
Ave,Male,75
Averell,Male,71
Averil,Male,42
Averill,Male,94
Avery,Male,35
Avi,Male,77
Avraham,Male,54
Avram,Male,95
Avrom,Male,66
Axel,Male,64
Aylmer,Male,95
Aziz,Male,98
Bailey,Male,35
Bailie,Male,80
Baillie,Male,68
Baily,Male,68
Baird,Male,46
Baldwin,Male,83
Bancroft,Male,68
Barbabas,Male,28
Barclay,Male,68
Bard,Male,45
Barde,Male,63
Barn,Male,91
Barnabas,Male,84
Barnabe,Male,43
Barnaby,Male,99
Barnard,Male,26
Barnebas,Male,65
Barnett,Male,24
Barney,Male,86
Barnie,Male,41
Barny,Male,40
Baron,Male,90
Barr,Male,77
Barret,Male,88
Barrett,Male,40
Barri,Male,42
Barrie,Male,69
Barris,Male,94
Barron,Male,99
Barry,Male,29
Bart,Male,63
Bartel,Male,39
Barth,Male,68
Barthel,Male,25
Bartholemy,Male,21
Bartholomeo,Male,44
Bartholomeus,Male,67
Bartholomew,Male,35
Bartie,Male,77
Bartlet,Male,31
Bartlett,Male,74
Bartolemo,Male,94
Bartolomei,Male,70
Bartolomeo,Male,86
Barton,Male,46
Barty,Male,64
Bary,Male,92
Basil,Male,44
Batholomew,Male,24
Baxter,Male,67
Bay,Male,39
Bayard,Male,36
Beale,Male,86
Bealle,Male,26
Bear,Male,98
Bearnard,Male,39
Beau,Male,67
Beaufort,Male,33
Beauregard,Male,34
Beck,Male,28
Bela,Male,85
Ben,Male,58
Benedict,Male,67
Bengt,Male,77
Benito,Male,74
Benjamen,Male,49
Benjamin,Male,56
Benji,Male,43
Benjie,Male,29
Benjy,Male,89
Benn,Male,73
Bennet,Male,70
Bennett,Male,84
Bennie,Male,41
Benny,Male,83
Benson,Male,91
Bentley,Male,67
Benton,Male,82
Beowulf,Male,50
Berchtold,Male,28
Berk,Male,32
Berke,Male,68
Berkeley,Male,94
Berkie,Male,28
Berkley,Male,62
Bernard,Male,93
Bernardo,Male,70
Bernd,Male,79
Bernhard,Male,46
Bernie,Male,75
Bert,Male,96
Bertie,Male,85
Bertram,Male,90
Bertrand,Male,27
Bharat,Male,83
Biff,Male,58
Bill,Male,52
Billie,Male,53
Billy,Male,35
Bing,Male,36
Binky,Male,49
Bishop,Male,39
Bjorn,Male,50
Bjorne,Male,86
Blaine,Male,55
Blair,Male,66
Blake,Male,80
Blare,Male,81
Blayne,Male,52
Bo,Male,67
Bob,Male,21
Bobbie,Male,37
Bobby,Male,45
Bogart,Male,57
Bogdan,Male,98
Boniface,Male,98
Boris,Male,32
Boyce,Male,44
Boyd,Male,59
Brad,Male,85
Braden,Male,99
Bradford,Male,99
Bradley,Male,99
Bradly,Male,76
Brady,Male,43
Brandon,Male,92
Brandy,Male,87
Brant,Male,44
Brendan,Male,41
Brent,Male,87
Bret,Male,86
Brett,Male,51
Brewer,Male,64
Brewster,Male,24
Brian,Male,81
Brice,Male,98
Briggs,Male,56
Brinkley,Male,94
Britt,Male,80
Brock,Male,23
Broddie,Male,32
Broddy,Male,82
Broderic,Male,60
Broderick,Male,77
Brodie,Male,82
Brody,Male,30
Bronson,Male,54
Brook,Male,34
Brooke,Male,56
Brooks,Male,73
Bruce,Male,93
Bruno,Male,58
Bryan,Male,58
Bryant,Male,48
Bryce,Male,29
Bryn,Male,51
Bryon,Male,79
Bubba,Male,35
Buck,Male,24
Bucky,Male,38
Bud,Male,28
Buddy,Male,24
Burgess,Male,46
Burke,Male,64
Burl,Male,48
Burnaby,Male,33
Burt,Male,89
Burton,Male,80
Buster,Male,99
Butch,Male,44
Butler,Male,79
Byram,Male,80
Byron,Male,82
Caesar,Male,99
Cain,Male,45
Cal,Male,58
Caldwell,Male,63
Caleb,Male,31
Calhoun,Male,33
Calvin,Male,47
Cam,Male,78
Cameron,Male,46
Cammy,Male,63
Carey,Male,38
Carl,Male,95
Carleigh,Male,74
Carlie,Male,86
Carlin,Male,66
Carlo,Male,61
Carlos,Male,51
Carlton,Male,81
Carlyle,Male,47
Carmine,Male,58
Carroll,Male,57
Carson,Male,58
Carsten,Male,85
Carter,Male,44
Cary,Male,28
Caryl,Male,71
Case,Male,25
Casey,Male,51
Caspar,Male,57
Casper,Male,20
Cass,Male,53
Cat,Male,88
Cecil,Male,30
Cesar,Male,86
Chad,Male,99
Chadd,Male,72
Chaddie,Male,82
Chaddy,Male,80
Chadwick,Male,55
Chaim,Male,46
Chalmers,Male,95
Chan,Male,93
Chance,Male,22
Chancey,Male,26
Chanderjit,Male,28
Chandler,Male,39
Chane,Male,65
Chariot,Male,75
Charles,Male,48
Charleton,Male,42
Charley,Male,59
Charlie,Male,55
Charlton,Male,42
Chas,Male,36
Chase,Male,38
Chaunce,Male,98
Chauncey,Male,76
Che,Male,72
Chelton,Male,93
Chen,Male,34
Chester,Male,83
Cheston,Male,56
Chet,Male,26
Chev,Male,67
Chevalier,Male,29
Chevy,Male,51
Chip,Male,50
Chris,Male,99
Chrissy,Male,43
Christ,Male,46
Christian,Male,38
Christiano,Male,39
Christie,Male,75
Christof,Male,86
Christofer,Male,49
Christoph,Male,28
Christophe,Male,63
Christopher,Male,98
Christorpher,Male,61
Christos,Male,57
Christy,Male,44
Chrisy,Male,97
Chuck,Male,75
Churchill,Male,57
Clair,Male,63
Claire,Male,83
Clancy,Male,52
Clarance,Male,56
Clare,Male,39
Clarence,Male,33
Clark,Male,59
Clarke,Male,31
Claude,Male,78
Claudio,Male,85
Claudius,Male,46
Claus,Male,38
Clay,Male,75
Clayborn,Male,85
Clayborne,Male,30
Claybourne,Male,26
Clayton,Male,57
Cleland,Male,79
Clem,Male,66
Clemens,Male,62
Clement,Male,21
Clemente,Male,86
Clemmie,Male,46
Cletus,Male,37
Cleveland,Male,51
Cliff,Male,65
Clifford,Male,99
Clifton,Male,94
Clint,Male,81
Clinten,Male,26
Clinton,Male,94
Clive,Male,78
Clyde,Male,63
Cob,Male,57
Cobb,Male,44
Cobbie,Male,20
Cobby,Male,71
Cody,Male,91
Colbert,Male,32
Cole,Male,24
Coleman,Male,38
Colin,Male,24
Collin,Male,34
Collins,Male,31
Conan,Male,62
Connie,Male,86
Connolly,Male,98
Connor,Male,97
Conrad,Male,51
Conroy,Male,38
Constantin,Male,25
Constantine,Male,20
Constantinos,Male,38
Conway,Male,87
Cooper,Male,93
Corbin,Male,53
Corby,Male,37
Corey,Male,90
Corky,Male,73
Cornelius,Male,61
Cornellis,Male,31
Corrie,Male,36
Cortese,Male,66
Corwin,Male,74
Cory,Male,23
Cosmo,Male,73
Costa,Male,32
Courtney,Male,54
Craig,Male,47
Crawford,Male,93
Creighton,Male,48
Cris,Male,68
Cristopher,Male,24
Curt,Male,77
Curtice,Male,87
Curtis,Male,68
Cy,Male,28
Cyril,Male,84
Cyrill,Male,25
Cyrille,Male,66
Cyrillus,Male,86
Cyrus,Male,33
Dabney,Male,76
Daffy,Male,59
Dale,Male,30
Dallas,Male,49
Dalton,Male,83
Damian,Male,22
Damien,Male,72
Damon,Male,28
Dan,Male,26
Dana,Male,61
Dane,Male,26
Dani,Male,47
Danie,Male,76
Daniel,Male,64
Dannie,Male,60
Danny,Male,43
Dante,Male,74
Darby,Male,75
Darcy,Male,56
Daren,Male,67
Darian,Male,44
Darien,Male,38
Darin,Male,22
Dario,Male,62
Darius,Male,55
Darrel,Male,29
Darrell,Male,74
Darren,Male,21
Darrick,Male,91
Darrin,Male,53
Darryl,Male,70
Darth,Male,59
Darwin,Male,80
Daryl,Male,26
Daryle,Male,49
Dave,Male,27
Davey,Male,52
David,Male,57
Davidde,Male,87
Davide,Male,41
Davidson,Male,85
Davie,Male,94
Davin,Male,24
Davis,Male,46
Davon,Male,37
Davoud,Male,29
Davy,Male,20
Dawson,Male,31
Dean,Male,59
Deane,Male,22
Del,Male,68
Delbert,Male,86
Dell,Male,81
Delmar,Male,99
Demetre,Male,53
Demetri,Male,36
Demetris,Male,89
Demetrius,Male,29
Demosthenis,Male,74
Denis,Male,77
Dennie,Male,70
Dennis,Male,62
Denny,Male,64
Derby,Male,39
Derek,Male,90
Derick,Male,84
Derk,Male,81
Derrek,Male,66
Derrick,Male,29
Derrin,Male,28
Derrol,Male,59
Derron,Male,88
Deryl,Male,41
Desmond,Male,98
Desmund,Male,63
Devin,Male,86
Devon,Male,98
Dewey,Male,30
Dewitt,Male,33
Dexter,Male,37
Dick,Male,83
Dickey,Male,65
Dickie,Male,40
Diego,Male,82
Dieter,Male,33
Dietrich,Male,20
Dillon,Male,66
Dimitri,Male,53
Dimitrios,Male,31
Dimitris,Male,43
Dimitrou,Male,77
Dimitry,Male,22
Dino,Male,51
Dion,Male,66
Dionis,Male,82
Dionysus,Male,23
Dirk,Male,88
Dmitri,Male,29
Dom,Male,25
Domenic,Male,48
Domenico,Male,43
Dominic,Male,26
Dominick,Male,99
Dominique,Male,35
Don,Male,79
Donal,Male,55
Donald,Male,80
Donn,Male,58
Donnie,Male,44
Donny,Male,74
Donovan,Male,54
Dorian,Male,90
Dory,Male,76
Doug,Male,33
Douggie,Male,71
Dougie,Male,79
Douglas,Male,96
Douglass,Male,62
Douglis,Male,34
Dov,Male,36
Doyle,Male,34
Drake,Male,84
Drew,Male,50
Dru,Male,36
Dryke,Male,32
Duane,Male,80
Dudley,Male,29
Duffie,Male,71
Duffy,Male,80
Dugan,Male,91
Duke,Male,90
Dunc,Male,87
Duncan,Male,58
Dunstan,Male,53
Durand,Male,84
Durant,Male,91
Durante,Male,52
Durward,Male,63
Dustin,Male,82
Dwain,Male,21
Dwaine,Male,62
Dwane,Male,69
Dwayne,Male,58
Dwight,Male,97
Dylan,Male,21
Dyson,Male,39
Earl,Male,27
Earle,Male,86
Easton,Male,66
Eben,Male,67
Ebeneser,Male,41
Ebenezer,Male,66
Eberhard,Male,98
Ed,Male,69
Eddie,Male,54
Eddy,Male,78
Edgar,Male,22
Edgardo,Male,27
Edie,Male,43
Edmond,Male,56
Edmund,Male,99
Edouard,Male,85
Edsel,Male,23
Eduard,Male,65
Eduardo,Male,97
Edward,Male,44
Edwin,Male,89
Efram,Male,57
Egbert,Male,92
Ehud,Male,63
Elbert,Male,39
Elden,Male,28
Eldon,Male,30
Eli,Male,34
Elias,Male,91
Elihu,Male,87
Elijah,Male,87
Eliot,Male,25
Eliott,Male,70
Elisha,Male,60
Elliot,Male,22
Elliott,Male,41
Ellis,Male,94
Ellsworth,Male,39
Ellwood,Male,90
Elmer,Male,69
Elmore,Male,53
Elnar,Male,52
Elric,Male,95
Elroy,Male,59
Elton,Male,32
Elvin,Male,72
Elvis,Male,42
Elwin,Male,87
Elwood,Male,59
Elwyn,Male,21
Ely,Male,97
Emanuel,Male,91
Emerson,Male,96
Emery,Male,70
Emil,Male,26
Emile,Male,87
Emilio,Male,28
Emmanuel,Male,33
Emmery,Male,77
Emmet,Male,70
Emmett,Male,92
Emmit,Male,41
Emmott,Male,31
Emmy,Male,26
Emory,Male,75
Ender,Male,61
Engelbart,Male,73
Engelbert,Male,29
Englebart,Male,77
Englebert,Male,94
Enoch,Male,24
Enrico,Male,31
Enrique,Male,32
Ephraim,Male,85
Ephram,Male,53
Ephrayim,Male,26
Ephrem,Male,47
Er,Male,20
Erasmus,Male,97
Erastus,Male,47
Erek,Male,40
Erhard,Male,47
Erhart,Male,22
Eric,Male,82
Erich,Male,98
Erick,Male,48
Erik,Male,50
Erin,Male,97
Erl,Male,40
Ernest,Male,71
Ernesto,Male,30
Ernie,Male,63
Ernst,Male,97
Erny,Male,30
Errol,Male,47
Ervin,Male,46
Erwin,Male,87
Esau,Male,47
Esme,Male,39
Esteban,Male,41
Ethan,Male,88
Ethelbert,Male,40
Ethelred,Male,37
Etienne,Male,56
Euclid,Male,52
Eugen,Male,50
Eugene,Male,47
Eustace,Male,89
Ev,Male,36
Evan,Male,50
Evelyn,Male,82
Everard,Male,29
Everett,Male,96
Ewan,Male,84
Ewart,Male,44
Ez,Male,41
Ezechiel,Male,31
Ezekiel,Male,99
Ezra,Male,83
Fabian,Male,26
Fabio,Male,20
Fairfax,Male,30
Farley,Male,27
Fazeel,Male,29
Federico,Male,22
Felice,Male,49
Felicio,Male,43
Felipe,Male,77
Felix,Male,37
Ferd,Male,60
Ferdie,Male,26
Ferdinand,Male,97
Ferdy,Male,62
Fergus,Male,41
Ferguson,Male,27
Ferinand,Male,41
Fernando,Male,90
Fidel,Male,62
Filbert,Male,66
Filip,Male,65
Filipe,Male,63
Filmore,Male,39
Finley,Male,87
Finn,Male,95
Fitz,Male,95
Fitzgerald,Male,23
Flem,Male,76
Fleming,Male,72
Flemming,Male,83
Fletch,Male,70
Fletcher,Male,91
Flin,Male,41
Flinn,Male,44
Flint,Male,28
Flipper,Male,44
Florian,Male,85
Floyd,Male,44
Flynn,Male,88
Fons,Male,75
Fonsie,Male,49
Fonz,Male,81
Fonzie,Male,28
Forbes,Male,22
Ford,Male,39
Forest,Male,28
Forester,Male,87
Forrest,Male,33
Forrester,Male,50
Forster,Male,57
Foster,Male,43
Fowler,Male,32
Fox,Male,22
Fran,Male,85
Francesco,Male,23
Francis,Male,76
Francisco,Male,78
Francois,Male,40
Frank,Male,43
Frankie,Male,84
Franklin,Male,59
Franklyn,Male,58
Franky,Male,92
Frans,Male,55
Franz,Male,41
Fraser,Male,70
Frazier,Male,67
Fred,Male,45
Freddie,Male,57
Freddy,Male,37
Frederic,Male,81
Frederich,Male,74
Frederick,Male,74
Frederico,Male,84
Frederik,Male,83
Fredric,Male,69
Fredrick,Male,37
Freeman,Male,67
Freemon,Male,29
Fremont,Male,49
French,Male,61
Friedric,Male,58
Friedrich,Male,70
Friedrick,Male,65
Fritz,Male,43
Fulton,Male,83
Fyodor,Male,93
Gabe,Male,68
Gabriel,Male,76
Gabriele,Male,57
Gabriell,Male,39
Gabriello,Male,56
Gail,Male,92
Gale,Male,22
Galen,Male,76
Gallagher,Male,97
Gamaliel,Male,43
Garcia,Male,36
Garcon,Male,51
Gardener,Male,37
Gardiner,Male,78
Gardner,Male,78
Garey,Male,46
Garfield,Male,34
Garfinkel,Male,29
Garold,Male,32
Garp,Male,77
Garret,Male,59
Garrett,Male,90
Garrot,Male,76
Garrott,Male,31
Garry,Male,78
Garth,Male,53
Garv,Male,83
Garvey,Male,57
Garvin,Male,43
Garvy,Male,24
Garwin,Male,27
Garwood,Male,21
Gary,Male,57
Gaspar,Male,98
Gasper,Male,36
Gaston,Male,71
Gav,Male,93
Gaven,Male,65
Gavin,Male,68
Gavriel,Male,41
Gay,Male,96
Gayle,Male,51
Gearard,Male,94
Gene,Male,88
Geo,Male,38
Geof,Male,88
Geoff,Male,92
Geoffrey,Male,65
Geoffry,Male,40
Georg,Male,50
George,Male,67
Georges,Male,75
Georgia,Male,52
Georgie,Male,72
Georgy,Male,29
Gerald,Male,57
Geraldo,Male,22
Gerard,Male,76
Gere,Male,65
Gerhard,Male,45
Gerhardt,Male,69
Geri,Male,45
Germaine,Male,45
Gerold,Male,61
Gerome,Male,70
Gerrard,Male,81
Gerri,Male,56
Gerrit,Male,91
Gerry,Male,57
Gershom,Male,22
Gershon,Male,57
Giacomo,Male,70
Gian,Male,95
Giancarlo,Male,57
Giavani,Male,88
Gibb,Male,37
Gideon,Male,75
Giff,Male,35
Giffard,Male,67
Giffer,Male,50
Giffie,Male,93
Gifford,Male,36
Giffy,Male,51
Gil,Male,26
Gilbert,Male,51
Gilberto,Male,24
Gilburt,Male,99
Giles,Male,80
Gill,Male,29
Gilles,Male,48
Ginger,Male,76
Gino,Male,72
Giordano,Male,90
Giorgi,Male,23
Giorgio,Male,62
Giovanne,Male,20
Giovanni,Male,79
Giraldo,Male,45
Giraud,Male,93
Giuseppe,Male,93
Glen,Male,71
Glenn,Male,75
Glynn,Male,66
Godard,Male,26
Godart,Male,72
Goddard,Male,48
Goddart,Male,39
Godfree,Male,62
Godfrey,Male,98
Godfry,Male,72
Godwin,Male,78
Gomer,Male,52
Gonzales,Male,59
Gonzalo,Male,33
Goober,Male,47
Goose,Male,54
Gordan,Male,30
Gordie,Male,63
Gordon,Male,93
Grace,Male,67
Grady,Male,67
Graehme,Male,78
Graeme,Male,94
Graham,Male,42
Graig,Male,27
Grant,Male,94
Granville,Male,65
Greg,Male,24
Gregg,Male,38
Greggory,Male,59
Gregor,Male,47
Gregorio,Male,55
Gregory,Male,32
Gretchen,Male,83
Griff,Male,77
Griffin,Male,52
Griffith,Male,75
Griswold,Male,74
Grove,Male,47
Grover,Male,56
Guido,Male,81
Guillaume,Male,73
Guillermo,Male,54
Gunner,Male,26
Gunter,Male,53
Gunther,Male,41
Gus,Male,37
Gustaf,Male,54
Gustav,Male,63
Gustave,Male,53
Gustavo,Male,58
Gustavus,Male,51
Guthrey,Male,26
Guthrie,Male,35
Guthry,Male,66
Guy,Male,67
Hadleigh,Male,80
Hadley,Male,68
Hadrian,Male,21
Hagan,Male,55
Hagen,Male,53
Hailey,Male,72
Hakeem,Male,66
Hakim,Male,84
Hal,Male,50
Hale,Male,44
Haleigh,Male,67
Haley,Male,79
Hall,Male,50
Hallam,Male,98
Halvard,Male,93
Ham,Male,30
Hamel,Male,20
Hamid,Male,93
Hamil,Male,78
Hamilton,Male,21
Hamish,Male,61
Hamlen,Male,40
Hamlet,Male,24
Hamlin,Male,50
Hammad,Male,36
Hamnet,Male,96
Han,Male,89
Hanan,Male,93
Hanford,Male,54
Hank,Male,66
Hannibal,Male,42
Hans,Male,68
Hansel,Male,45
Hanson,Male,34
Hans-Peter,Male,34
Harald,Male,93
Harcourt,Male,47
Hari,Male,72
Harlan,Male,65
Harland,Male,85
Harley,Male,29
Harlin,Male,86
Harman,Male,65
Harmon,Male,24
Harold,Male,84
Harris,Male,45
Harrison,Male,64
Harrold,Male,45
Harry,Male,76
Hart,Male,96
Hartley,Male,76
Hartwell,Male,99
Harv,Male,56
Harvard,Male,97
Harvey,Male,80
Harvie,Male,85
Harwell,Male,71
Hasheem,Male,31
Hashim,Male,43
Haskel,Male,75
Haskell,Male,58
Hassan,Male,80
Hastings,Male,90
Hasty,Male,64
Haven,Male,74
Hayden,Male,96
Haydon,Male,85
Hayes,Male,80
Hayward,Male,38
Haywood,Male,93
Hazel,Male,91
Heath,Male,65
Heathcliff,Male,52
Hebert,Male,80
Hector,Male,20
Heinrich,Male,29
Heinz,Male,33
Helmuth,Male,25
Henderson,Male,20
Hendrick,Male,76
Hendrik,Male,88
Henri,Male,36
Henrie,Male,61
Henrik,Male,51
Henrique,Male,55
Henry,Male,56
Herb,Male,30
Herbert,Male,77
Herbie,Male,67
Herby,Male,41
Hercule,Male,64
Hercules,Male,47
Herculie,Male,27
Herman,Male,28
Hermann,Male,98
Hermon,Male,32
Hermy,Male,33
Hernando,Male,56
Herold,Male,31
Herrick,Male,74
Herrmann,Male,21
Hersch,Male,57
Herschel,Male,91
Hersh,Male,84
Hershel,Male,72
Herve,Male,69
Hervey,Male,29
Hew,Male,92
Hewe,Male,85
Hewet,Male,57
Hewett,Male,59
Hewie,Male,53
Hewitt,Male,72
Heywood,Male,34
Hezekiah,Male,34
Higgins,Male,35
Hilary,Male,32
Hilbert,Male,80
Hill,Male,32
Hillard,Male,33
Hillary,Male,20
Hillel,Male,29
Hillery,Male,93
Hilliard,Male,88
Hilton,Male,95
Hiralal,Male,92
Hiram,Male,24
Hiro,Male,39
Hirsch,Male,71
Hobart,Male,48
Hodge,Male,68
Hogan,Male,62
Hollis,Male,47
Holly,Male,52
Homer,Male,80
Horace,Male,40
Horacio,Male,92
Horatio,Male,44
Horatius,Male,72
Horst,Male,34
Howard,Male,96
Howie,Male,41
Hoyt,Male,57
Hubert,Male,20
Hudson,Male,80
Huey,Male,82
Hugh,Male,23
Hugo,Male,83
Humbert,Male,71
Humphrey,Male,39
Hunt,Male,58
Hunter,Male,40
Huntington,Male,65
Huntlee,Male,74
Huntley,Male,93
Hurley,Male,86
Husain,Male,73
Husein,Male,29
Hussein,Male,80
Hy,Male,91
Hyatt,Male,42
Hyman,Male,92
Hymie,Male,26
Iago,Male,73
Iain,Male,79
Ian,Male,90
Ibrahim,Male,86
Ichabod,Male,76
Iggie,Male,64
Iggy,Male,37
Ignace,Male,44
Ignacio,Male,68
Ignacius,Male,21
Ignatius,Male,46
Ignaz,Male,50
Ignazio,Male,81
Igor,Male,98
Ike,Male,59
Ikey,Male,92
Immanuel,Male,42
Ingamar,Male,27
Ingelbert,Male,29
Ingemar,Male,80
Inglebert,Male,72
Ingmar,Male,27
Ingram,Male,44
Inigo,Male,56
Ira,Male,29
Irvin,Male,77
Irvine,Male,48
Irving,Male,20
Irwin,Male,64
Isa,Male,32
Isaac,Male,35
Isaak,Male,74
Isador,Male,75
Isadore,Male,58
Isaiah,Male,27
Ishmael,Male,33
Isidore,Male,72
Ismail,Male,73
Israel,Male,64
Istvan,Male,40
Ivan,Male,74
Ivor,Male,68
Izaak,Male,23
Izak,Male,24
Izzy,Male,21
Jabez,Male,29
Jack,Male,43
Jackie,Male,98
Jackson,Male,56
Jacob,Male,36
Jacques,Male,20
Jae,Male,35
Jaime,Male,64
Jake,Male,36
Jakob,Male,47
James,Male,93
Jameson,Male,20
Jamey,Male,40
Jamie,Male,99
Jan,Male,73
Janos,Male,22
Janus,Male,90
Jared,Male,65
Jarrett,Male,23
Jarvis,Male,66
Jason,Male,72
Jasper,Male,81
Javier,Male,46
Jay,Male,59
Jean,Male,35
Jean-Christophe,Male,21
Jean-Francois,Male,35
Jean-Lou,Male,63
Jean-Luc,Male,90
Jean-Marc,Male,22
Jean-Paul,Male,44
Jean-Pierre,Male,23
Jeb,Male,76
Jed,Male,27
Jedediah,Male,56
Jef,Male,57
Jeff,Male,31
Jefferey,Male,44
Jefferson,Male,67
Jeffery,Male,26
Jeffie,Male,88
Jeffrey,Male,72
Jeffry,Male,96
Jefry,Male,44
Jehu,Male,35
Jennings,Male,37
Jens,Male,72
Jephthah,Male,31
Jerald,Male,92
Jeramie,Male,45
Jere,Male,89
Jereme,Male,68
Jeremiah,Male,48
Jeremias,Male,65
Jeremie,Male,76
Jeremy,Male,28
Jermain,Male,42
Jermaine,Male,92
Jermayne,Male,27
Jerold,Male,75
Jerome,Male,37
Jeromy,Male,46
Jerri,Male,30
Jerrie,Male,35
Jerrold,Male,48
Jerrome,Male,42
Jerry,Male,56
Jervis,Male,65
Jerzy,Male,22
Jess,Male,68
Jesse,Male,68
Jessee,Male,86
Jessey,Male,48
Jessie,Male,83
Jesus,Male,70
Jeth,Male,30
Jethro,Male,38
Jim,Male,99
Jimbo,Male,37
Jimmie,Male,60
Jimmy,Male,53
Jo,Male,54
Joab,Male,61
Joachim,Male,52
Joao,Male,49
Joaquin,Male,61
Job,Male,55
Jock,Male,53
Jodi,Male,58
Jodie,Male,22
Jody,Male,93
Joe,Male,43
Joel,Male,45
Joey,Male,95
Johan,Male,22
Johann,Male,29
Johannes,Male,54
John,Male,63
Johnathan,Male,37
Johnathon,Male,56
John-David,Male,93
Johnnie,Male,27
Johnny,Male,46
John-Patrick,Male,39
Johny,Male,71
Jon,Male,55
Jonah,Male,39
Jonas,Male,80
Jonathan,Male,36
Jonathon,Male,55
Jonny,Male,57
Jordan,Male,85
Jordon,Male,65
Jordy,Male,64
Jorge,Male,59
Jory,Male,30
Jose,Male,98
Josef,Male,60
Joseph,Male,62
Josephus,Male,29
Josh,Male,82
Joshua,Male,76
Joshuah,Male,43
Josiah,Male,49
Jotham,Male,20
Juan,Male,34
Juanita,Male,26
Jud,Male,70
Judah,Male,99
Judas,Male,24
Judd,Male,64
Jude,Male,36
Judith,Male,60
Judson,Male,76
Judy,Male,59
Juergen,Male,56
Jule,Male,99
Jules,Male,92
Julian,Male,71
Julie,Male,94
Julio,Male,57
Julius,Male,99
Justin,Male,72
Justis,Male,87
Kaiser,Male,50
Kaleb,Male,84
Kalil,Male,44
Kalle,Male,85
Kalman,Male,82
Kalvin,Male,32
Kam,Male,41
Kane,Male,92
Kareem,Male,62
Karel,Male,97
Karim,Male,63
Karl,Male,29
Karsten,Male,80
Kaspar,Male,53
Keefe,Male,52
Keenan,Male,29
Keene,Male,68
Keil,Male,45
Keith,Male,83
Kellen,Male,66
Kelley,Male,31
Kelly,Male,29
Kelsey,Male,30
Kelvin,Male,66
Kelwin,Male,71
Ken,Male,49
Kendal,Male,63
Kendall,Male,28
Kendrick,Male,55
Kenn,Male,55
Kennedy,Male,87
Kenneth,Male,79
Kenny,Male,97
Kent,Male,40
Kenton,Male,90
Kenyon,Male,29
Kermie,Male,35
Kermit,Male,23
Kerry,Male,94
Kevan,Male,31
Kevin,Male,38
Kim,Male,95
Kimball,Male,80
Kimmo,Male,26
Kin,Male,69
Kincaid,Male,57
King,Male,79
Kingsley,Male,98
Kingsly,Male,38
Kingston,Male,77
Kip,Male,86
Kirby,Male,86
Kirk,Male,64
Kit,Male,30
Klaus,Male,83
Klee,Male,36
Knox,Male,23
Konrad,Male,75
Konstantin,Male,48
Kory,Male,60
Kostas,Male,52
Kraig,Male,83
Kris,Male,61
Krishna,Male,79
Kristian,Male,36
Kristopher,Male,84
Kristos,Male,85
Kurt,Male,84
Kurtis,Male,34
Kyle,Male,21
Laird,Male,83
Lamar,Male,28
Lambert,Male,75
Lamont,Male,61
Lance,Male,60
Lancelot,Male,71
Lane,Male,51
Langston,Male,95
Lanny,Male,29
Larry,Male,83
Lars,Male,55
Laurance,Male,40
Lauren,Male,59
Laurence,Male,60
Laurens,Male,79
Laurent,Male,30
Laurie,Male,57
Lawerence,Male,65
Lawrence,Male,45
Lawson,Male,54
Lawton,Male,70
Lay,Male,27
Layton,Male,42
Lazar,Male,32
Lazare,Male,62
Lazaro,Male,54
Lazarus,Male,50
Lazlo,Male,91
Lee,Male,22
Lefty,Male,49
Leif,Male,45
Leigh,Male,32
Leighton,Male,41
Leland,Male,61
Lem,Male,66
Lemar,Male,75
Lemmie,Male,35
Lemmy,Male,27
Lemuel,Male,72
Len,Male,36
Lenard,Male,64
Lennie,Male,30
Lenny,Male,87
Leo,Male,51
Leon,Male,42
Leonard,Male,81
Leonardo,Male,62
Leonerd,Male,93
Leonhard,Male,29
Leonid,Male,65
Leonidas,Male,22
Leopold,Male,61
Leroy,Male,35
Les,Male,86
Lesley,Male,84
Leslie,Male,42
Lester,Male,23
Lev,Male,49
Levi,Male,47
Levin,Male,42
Levon,Male,72
Levy,Male,81
Lew,Male,98
Lewis,Male,30
Lex,Male,77
Liam,Male,53
Lin,Male,58
Lincoln,Male,35
Lind,Male,71
Lindsay,Male,85
Lindsey,Male,76
Lindy,Male,29
Linoel,Male,78
Linus,Male,73
Lion,Male,36
Lionel,Male,51
Lionello,Male,42
Llewellyn,Male,25
Lloyd,Male,56
Locke,Male,64
Lockwood,Male,72
Logan,Male,92
Lon,Male,43
Lonnie,Male,80
Lonny,Male,44
Loren,Male,40
Lorenzo,Male,33
Lorne,Male,39
Lorrie,Male,35
Lothar,Male,97
Lou,Male,29
Louie,Male,44
Louis,Male,21
Lovell,Male,33
Lowell,Male,46
Lucas,Male,93
Luce,Male,55
Lucian,Male,40
Luciano,Male,66
Lucien,Male,86
Lucio,Male,73
Lucius,Male,76
Ludvig,Male,29
Ludwig,Male,41
Luigi,Male,40
Luis,Male,93
Lukas,Male,49
Luke,Male,59
Luther,Male,77
Lyle,Male,37
Lyn,Male,41
Lyndon,Male,91
Lynn,Male,22
Mac,Male,30
Mace,Male,68
Mack,Male,86
Mackenzie,Male,63
Maddie,Male,22
Maddy,Male,57
Madison,Male,29
Magnum,Male,22
Magnus,Male,99
Mahesh,Male,99
Mahmoud,Male,27
Mahmud,Male,87
Maison,Male,41
Major,Male,83
Malcolm,Male,21
Manfred,Male,21
Manish,Male,69
Manny,Male,48
Manuel,Male,26
Marc,Male,24
Marcel,Male,53
Marcello,Male,87
Marcellus,Male,22
Marcelo,Male,43
Marchall,Male,23
Marcio,Male,71
Marco,Male,62
Marcos,Male,88
Marcus,Male,83
Marietta,Male,36
Marilu,Male,90
Mario,Male,28
Marion,Male,49
Marius,Male,39
Mark,Male,67
Marko,Male,46
Markos,Male,91
Markus,Male,77
Marlin,Male,78
Marlo,Male,85
Marlon,Male,89
Marlow,Male,94
Marlowe,Male,30
Marmaduke,Male,55
Marsh,Male,98
Marshal,Male,96
Marshall,Male,50
Mart,Male,84
Martainn,Male,82
Marten,Male,22
Martie,Male,23
Martin,Male,98
Martino,Male,22
Marty,Male,82
Martyn,Male,27
Marv,Male,74
Marve,Male,91
Marven,Male,45
Marvin,Male,98
Marwin,Male,63
Mason,Male,75
Mateo,Male,41
Mathew,Male,91
Mathias,Male,79
Matias,Male,68
Matt,Male,70
Matteo,Male,75
Matthaeus,Male,61
Mattheus,Male,76
Matthew,Male,90
Matthias,Male,69
Matthieu,Male,55
Matthiew,Male,83
Matthus,Male,76
Mattias,Male,64
Mattie,Male,74
Matty,Male,27
Maurice,Male,28
Mauricio,Male,38
Maurie,Male,96
Maurise,Male,69
Maurits,Male,55
Mauritz,Male,98
Maury,Male,54
Max,Male,40
Maxfield,Male,48
Maxie,Male,93
Maxim,Male,89
Maximilian,Male,72
Maximilien,Male,63
Maxwell,Male,75
Mayer,Male,61
Maynard,Male,33
Maynord,Male,42
Mayor,Male,74
Mead,Male,33
Meade,Male,28
Meier,Male,68
Meir,Male,87
Mel,Male,61
Melvin,Male,42
Melvyn,Male,32
Menard,Male,88
Mendel,Male,35
Mendie,Male,72
Meredeth,Male,66
Meredith,Male,33
Merell,Male,42
Merill,Male,88
Merle,Male,63
Merlin,Male,22
Merrel,Male,20
Merrick,Male,92
Merril,Male,38
Merrill,Male,67
Merry,Male,51
Merv,Male,42
Mervin,Male,46
Merwin,Male,84
Meryl,Male,97
Meyer,Male,47
Mic,Male,92
Micah,Male,26
Michael,Male,54
Michail,Male,72
Michal,Male,88
Michale,Male,42
Micheal,Male,66
Micheil,Male,36
Michel,Male,69
Michele,Male,97
Mick,Male,98
Mickey,Male,90
Mickie,Male,21
Micky,Male,35
Miguel,Male,82
Mika,Male,55
Mikael,Male,51
Mike,Male,96
Mikel,Male,53
Mikey,Male,42
Mikhail,Male,69
Miles,Male,38
Millicent,Male,59
Milo,Male,64
Milt,Male,80
Milton,Male,47
Mischa,Male,41
Mitch,Male,71
Mitchael,Male,26
Mitchel,Male,99
Mitchell,Male,77
Moe,Male,89
Mohamad,Male,97
Mohamed,Male,61
Mohammad,Male,38
Mohammed,Male,53
Mohan,Male,93
Moise,Male,37
Moises,Male,24
Moishe,Male,66
Monroe,Male,58
Montague,Male,55
Monte,Male,92
Montgomery,Male,85
Monty,Male,76
Moore,Male,20
Mordecai,Male,59
Morgan,Male,67
Morlee,Male,94
Morley,Male,27
Morly,Male,67
Morrie,Male,63
Morris,Male,52
Morry,Male,81
Morse,Male,53
Mort,Male,64
Morten,Male,55
Mortie,Male,98
Mortimer,Male,65
Morton,Male,87
Morty,Male,45
Mose,Male,27
Moses,Male,63
Moshe,Male,56
Moss,Male,56
Muffin,Male,91
Mugsy,Male,89
Muhammad,Male,38
Munmro,Male,25
Munroe,Male,85
Murdoch,Male,94
Murdock,Male,27
Murphy,Male,25
Murray,Male,61
Mustafa,Male,23
Myke,Male,62
Myles,Male,86
Mylo,Male,46
Myron,Male,48
Nahum,Male,21
Napoleon,Male,99
Nat,Male,56
Natale,Male,57
Nate,Male,53
Nathan,Male,46
Nathanael,Male,73
Nathanial,Male,92
Nathaniel,Male,88
Nathanil,Male,54
Neal,Male,70
Neale,Male,38
Neall,Male,32
Nealon,Male,66
Nealson,Male,23
Nealy,Male,45
Ned,Male,86
Neddie,Male,69
Neddy,Male,43
Neel,Male,80
Neil,Male,90
Nels,Male,96
Nelsen,Male,21
Nelson,Male,42
Nero,Male,43
Neron,Male,75
Nester,Male,24
Nestor,Male,50
Nev,Male,53
Nevil,Male,48
Nevile,Male,88
Neville,Male,73
Nevin,Male,61
Nevins,Male,89
Newton,Male,67
Niall,Male,67
Niccolo,Male,72
Nicholas,Male,48
Nichole,Male,39
Nichols,Male,63
Nick,Male,93
Nickey,Male,83
Nickie,Male,62
Nickolas,Male,26
Nicky,Male,92
Nico,Male,37
Nicolas,Male,55
Niels,Male,93
Nigel,Male,81
Niki,Male,93
Nikita,Male,62
Nikki,Male,62
Nikolai,Male,36
Nikos,Male,91
Niles,Male,95
Nils,Male,86
Nilson,Male,74
Niven,Male,44
Noach,Male,32
Noah,Male,76
Noam,Male,46
Noble,Male,77
Noe,Male,36
Noel,Male,98
Nolan,Male,89
Noland,Male,76
Norbert,Male,91
Norm,Male,25
Norman,Male,79
Normand,Male,51
Normie,Male,96
Norris,Male,87
Northrop,Male,66
Northrup,Male,33
Norton,Male,20
Norwood,Male,59
Nunzio,Male,79
Obadiah,Male,83
Obadias,Male,26
Oberon,Male,45
Obie,Male,43
Octavius,Male,24
Odell,Male,34
Odie,Male,85
Odin,Male,39
Odysseus,Male,52
Olaf,Male,82
Olag,Male,24
Ole,Male,91
Oleg,Male,35
Olin,Male,83
Oliver,Male,33
Olivier,Male,82
Olle,Male,22
Ollie,Male,69
Omar,Male,98
Oral,Male,53
Oran,Male,99
Orazio,Male,99
Orbadiah,Male,45
Oren,Male,44
Orin,Male,49
Orion,Male,77
Orlando,Male,88
Orren,Male,33
Orrin,Male,53
Orson,Male,55
Orton,Male,74
Orville,Male,73
Osbert,Male,35
Osborn,Male,21
Osborne,Male,65
Osbourn,Male,84
Osbourne,Male,83
Oscar,Male,97
Osgood,Male,84
Osmond,Male,67
Osmund,Male,33
Ossie,Male,55
Oswald,Male,75
Oswell,Male,46
Otes,Male,81
Othello,Male,90
Otho,Male,93
Otis,Male,74
Otto,Male,87
Owen,Male,64
Ozzie,Male,63
Ozzy,Male,80
Pablo,Male,42
Pace,Male,56
Paco,Male,89
Paddie,Male,50
Paddy,Male,27
Padraig,Male,54
Page,Male,80
Paige,Male,62
Pail,Male,38
Palmer,Male,42
Paolo,Male,65
Park,Male,80
Parke,Male,82
Parker,Male,74
Parnell,Male,92
Parrnell,Male,34
Parry,Male,83
Parsifal,Male,53
Partha,Male,29
Pascal,Male,40
Pascale,Male,55
Pasquale,Male,76
Pat,Male,97
Pate,Male,94
Patel,Male,86
Paten,Male,24
Patin,Male,22
Paton,Male,87
Patric,Male,70
Patrice,Male,59
Patricio,Male,64
Patrick,Male,70
Patrik,Male,58
Patsy,Male,34
Pattie,Male,68
Patty,Male,37
Paul,Male,62
Paulo,Male,57
Pavel,Male,69
Pearce,Male,28
Pedro,Male,23
Peirce,Male,80
Pembroke,Male,83
Pen,Male,46
Penn,Male,23
Pennie,Male,89
Penny,Male,44
Penrod,Male,91
Pepe,Male,97
Pepillo,Male,45
Pepito,Male,75
Perceval,Male,60
Percival,Male,91
Percy,Male,51
Perry,Male,38
Pete,Male,60
Peter,Male,55
Petey,Male,71
Petr,Male,33
Peyter,Male,40
Peyton,Male,53
Phil,Male,48
Philbert,Male,73
Philip,Male,32
Phillip,Male,80
Phillipe,Male,34
Phillipp,Male,83
Phineas,Male,28
Phip,Male,88
Pierce,Male,83
Pierre,Male,30
Pierson,Male,48
Piet,Male,66
Pieter,Male,90
Pietro,Male,34
Piggy,Male,48
Pincas,Male,35
Pinchas,Male,57
Pincus,Male,60
Piotr,Male,21
Pip,Male,23
Plato,Male,90
Pooh,Male,97
Porter,Male,39
Poul,Male,36
Powell,Male,37
Praneetf,Male,76
Prasad,Male,49
Prasun,Male,96
Prent,Male,57
Prentice,Male,82
Prentiss,Male,72
Prescott,Male,37
Preston,Male,28
Price,Male,98
Prince,Male,47
Pryce,Male,35
Puff,Male,81
Purcell,Male,58
Putnam,Male,81
Pyotr,Male,51
Quent,Male,81
Quentin,Male,50
Quiggly,Male,65
Quigly,Male,50
Quigman,Male,99
Quill,Male,99
Quillan,Male,41
Quincey,Male,79
Quincy,Male,81
Quinlan,Male,41
Quinn,Male,44
Quint,Male,32
Quintin,Male,90
Quinton,Male,31
Quintus,Male,67
Rab,Male,50
Rabbi,Male,25
Rabi,Male,99
Rad,Male,52
Radcliffe,Male,39
Rafael,Male,93
Rafe,Male,79
Ragnar,Male,43
Rahul,Male,24
Raimund,Male,90
Rainer,Male,76
Raj,Male,92
Rajeev,Male,63
Raleigh,Male,39
Ralf,Male,50
Ralph,Male,62
Ram,Male,50
Ramesh,Male,69
Ramon,Male,33
Ramsay,Male,44
Ramsey,Male,93
Rand,Male,55
Randal,Male,36
Randall,Male,59
Randell,Male,62
Randi,Male,45
Randie,Male,23
Randolf,Male,38
Randolph,Male,27
Randy,Male,21
Ransell,Male,53
Ransom,Male,47
Raoul,Male,55
Raphael,Male,26
Raul,Male,41
Ravi,Male,79
Ravil,Male,72
Rawley,Male,44
Ray,Male,37
Raymond,Male,86
Raymund,Male,51
Raymundo,Male,59
Raynard,Male,83
Rayner,Male,67
Raynor,Male,96
Reagan,Male,44
Red,Male,51
Redford,Male,51
Redmond,Male,76
Reece,Male,97
Reed,Male,87
Rees,Male,92
Reese,Male,26
Reg,Male,71
Regan,Male,36
Regen,Male,93
Reggie,Male,32
Reggis,Male,63
Reggy,Male,26
Reginald,Male,81
Reginauld,Male,23
Reid,Male,30
Reilly,Male,85
Reinhard,Male,46
Reinhold,Male,82
Rem,Male,98
Remington,Male,47
Remus,Male,25
Renado,Male,95
Renaldo,Male,89
Renard,Male,96
Renato,Male,94
Renaud,Male,98
Renault,Male,64
Rene,Male,84
Reube,Male,26
Reuben,Male,75
Reuven,Male,53
Rex,Male,88
Rey,Male,68
Reynard,Male,66
Reynold,Male,98
Reynolds,Male,21
Reza,Male,29
Rhett,Male,23
Ric,Male,50
Ricard,Male,61
Ricardo,Male,23
Riccardo,Male,90
Rice,Male,55
Rich,Male,83
Richard,Male,41
Richardo,Male,70
Richie,Male,89
Richmond,Male,52
Richy,Male,67
Rick,Male,27
Rickard,Male,95
Rickey,Male,87
Ricki,Male,52
Rickie,Male,38
Ricky,Male,54
Rik,Male,28
Rikki,Male,49
Riley,Male,24
Rinaldo,Male,66
Ripley,Male,85
Ritch,Male,88
Ritchie,Male,79
Roarke,Male,35
Rob,Male,45
Robb,Male,67
Robbert,Male,81
Robbie,Male,65
Robert,Male,29
Roberto,Male,53
Robin,Male,33
Robinson,Male,70
Rochester,Male,69
Rock,Male,50
Rockwell,Male,91
Rocky,Male,31
Rod,Male,41
Rodd,Male,41
Roddie,Male,63
Roddy,Male,31
Roderic,Male,54
Roderich,Male,53
Roderick,Male,34
Roderigo,Male,31
Rodge,Male,38
Rodger,Male,53
Rodney,Male,56
Rodolfo,Male,27
Rodolph,Male,36
Rodolphe,Male,82
Rodrick,Male,68
Rodrigo,Male,94
Rodrique,Male,39
Rog,Male,56
Roger,Male,92
Rogers,Male,58
Roice,Male,39
Roland,Male,65
Rolando,Male,96
Rolf,Male,82
Rolfe,Male,53
Rolland,Male,87
Rollin,Male,68
Rollins,Male,26
Rollo,Male,48
Rolph,Male,61
Romain,Male,64
Roman,Male,74
Romeo,Male,49
Ron,Male,94
Ronald,Male,28
Ronen,Male,93
Roni,Male,70
Ronnie,Male,56
Ronny,Male,80
Roosevelt,Male,65
Rory,Male,49
Roscoe,Male,36
Ross,Male,59
Roth,Male,85
Rourke,Male,80
Rowland,Male,65
Roy,Male,43
Royal,Male,86
Royce,Male,98
Rube,Male,31
Ruben,Male,97
Rubin,Male,31
Ruby,Male,92
Rudd,Male,95
Ruddie,Male,42
Ruddy,Male,65
Rudie,Male,46
Rudiger,Male,33
Rudolf,Male,77
Rudolfo,Male,52
Rudolph,Male,60
Rudy,Male,40
Rudyard,Male,70
Rufe,Male,58
Rufus,Male,51
Rupert,Male,77
Ruperto,Male,56
Russ,Male,44
Russel,Male,63
Russell,Male,48
Rustie,Male,42
Rustin,Male,79
Rusty,Male,80
Rutger,Male,36
Rutherford,Male,43
Rutledge,Male,44
Rutter,Male,37
Ryan,Male,56
Sal,Male,83
Salem,Male,66
Salim,Male,44
Salman,Male,21
Salmon,Male,99
Salomo,Male,58
Salomon,Male,54
Salomone,Male,22
Salvador,Male,84
Salvatore,Male,37
Salvidor,Male,53
Sam,Male,60
Sammie,Male,53
Sammy,Male,62
Sampson,Male,74
Samson,Male,83
Samuel,Male,23
Samuele,Male,90
Sancho,Male,73
Sander,Male,93
Sanders,Male,67
Sanderson,Male,64
Sandor,Male,96
Sandro,Male,43
Sandy,Male,98
Sanford,Male,41
Sanson,Male,20
Sansone,Male,56
Sarge,Male,41
Sargent,Male,87
Sascha,Male,23
Sasha,Male,49
Saul,Male,66
Sauncho,Male,66
Saunder,Male,70
Saunders,Male,87
Saunderson,Male,29
Saundra,Male,63
Saw,Male,70
Sawyer,Male,58
Sawyere,Male,70
Sax,Male,30
Saxe,Male,99
Saxon,Male,58
Say,Male,27
Sayer,Male,96
Sayers,Male,55
Sayre,Male,64
Sayres,Male,94
Scarface,Male,95
Schroeder,Male,97
Schuyler,Male,36
Scot,Male,81
Scott,Male,27
Scotti,Male,67
Scottie,Male,40
Scotty,Male,32
Seamus,Male,88
Sean,Male,26
Sebastian,Male,23
Sebastiano,Male,48
Sebastien,Male,49
See,Male,94
Selby,Male,73
Selig,Male,51
Serge,Male,26
Sergeant,Male,58
Sergei,Male,85
Sergent,Male,27
Sergio,Male,81
Seth,Male,65
Seymour,Male,79
Shadow,Male,37
Shaine,Male,50
Shalom,Male,45
Shamus,Male,25
Shanan,Male,91
Shane,Male,71
Shannan,Male,42
Shannon,Male,91
Shaughn,Male,90
Shaun,Male,97
Shaw,Male,23
Shawn,Male,22
Shay,Male,62
Shayne,Male,50
Shea,Male,39
Sheff,Male,38
Sheffie,Male,24
Sheffield,Male,83
Sheffy,Male,35
Shelby,Male,38
Shelden,Male,50
Sheldon,Male,21
Shell,Male,96
Shelley,Male,91
Shelton,Male,23
Shem,Male,54
Shep,Male,56
Shepard,Male,58
Shepherd,Male,51
Sheppard,Male,54
Shepperd,Male,50
Sheridan,Male,60
Sherlock,Male,66
Sherlocke,Male,41
Sherman,Male,93
Sherwin,Male,79
Sherwood,Male,73
Sherwynd,Male,78
Shimon,Male,78
Shlomo,Male,21
Sholom,Male,62
Shorty,Male,81
Shumeet,Male,27
Shurlock,Male,22
Shurlocke,Male,65
Shurwood,Male,54
Si,Male,79
Sibyl,Male,43
Sid,Male,71
Siddhartha,Male,68
Sidnee,Male,50
Sidney,Male,27
Siegfried,Male,60
Siffre,Male,37
Sig,Male,87
Sigfrid,Male,91
Sigfried,Male,90
Sigmund,Male,37
Silas,Male,39
Silvain,Male,95
Silvan,Male,34
Silvano,Male,98
Silvanus,Male,66
Silvester,Male,72
Silvio,Male,72
Sim,Male,94
Simeon,Male,73
Simmonds,Male,88
Simon,Male,87
Simone,Male,64
Sinclair,Male,61
Sinclare,Male,66
Sivert,Male,90
Siward,Male,31
Skell,Male,27
Skelly,Male,38
Skip,Male,52
Skipp,Male,79
Skipper,Male,24
Skippie,Male,39
Skippy,Male,88
Skipton,Male,95
Sky,Male,57
Skye,Male,30
Skylar,Male,69
Skyler,Male,27
Slade,Male,58
Slim,Male,93
Sloan,Male,82
Sloane,Male,87
Sly,Male,82
Smith,Male,69
Smitty,Male,22
Socrates,Male,95
Sol,Male,71
Sollie,Male,73
Solly,Male,51
Solomon,Male,29
Somerset,Male,61
Son,Male,46
Sonnie,Male,41
Sonny,Male,26
Sparky,Male,34
Spence,Male,88
Spencer,Male,29
Spense,Male,82
Spenser,Male,91
Spike,Male,40
Spiro,Male,59
Spiros,Male,97
Spud,Male,86
Srinivas,Male,34
Stacy,Male,38
Staffard,Male,58
Stafford,Male,75
Staford,Male,32
Stan,Male,74
Standford,Male,76
Stanfield,Male,55
Stanford,Male,42
Stanislaw,Male,76
Stanleigh,Male,74
Stanley,Male,54
Stanly,Male,40
Stanton,Male,92
Stanwood,Male,37
Stavros,Male,53
Stearn,Male,82
Stearne,Male,56
Stefan,Male,87
Stefano,Male,51
Steffen,Male,38
Stephan,Male,66
Stephanus,Male,53
Stephen,Male,61
Sterling,Male,79
Stern,Male,66
Sterne,Male,99
Steve,Male,34
Steven,Male,99
Stevie,Male,51
Stevy,Male,32
Stew,Male,22
Steward,Male,79
Stewart,Male,55
Stig,Male,98
Stillman,Male,46
Stillmann,Male,20
Sting,Male,71
Stinky,Male,90
Stirling,Male,97
Stu,Male,70
Stuart,Male,59
Sturgis,Male,54
Sullivan,Male,70
Sully,Male,82
Sumner,Male,68
Sunny,Male,79
Sutherland,Male,68
Sutton,Male,57
Sven,Male,71
Swen,Male,70
Syd,Male,66
Sydney,Male,75
Sylvan,Male,44
Sylvester,Male,87
Tab,Male,24
Tabb,Male,66
Tabbie,Male,90
Tabby,Male,48
Taber,Male,69
Tabor,Male,79
Tad,Male,54
Tadd,Male,61
Taddeo,Male,37
Taddeus,Male,31
Tadeas,Male,68
Tailor,Male,74
Tait,Male,95
Taite,Male,57
Talbert,Male,36
Talbot,Male,54
Tallie,Male,41
Tally,Male,94
Tam,Male,92
Tamas,Male,36
Tammie,Male,30
Tammy,Male,52
Tan,Male,60
Tann,Male,99
Tanner,Male,62
Tanney,Male,46
Tannie,Male,91
Tanny,Male,96
Tarrance,Male,74
Tarrant,Male,79
Tarzan,Male,91
Tate,Male,86
Taylor,Male,62
Teador,Male,98
Ted,Male,84
Tedd,Male,46
Teddie,Male,58
Teddy,Male,84
Tedie,Male,73
Tedman,Male,70
Tedmund,Male,42
Tedrick,Male,79
Temp,Male,66
Temple,Male,62
Templeton,Male,39
Teodoor,Male,35
Teodor,Male,43
Teodorico,Male,25
Teodoro,Male,45
Terence,Male,43
Terencio,Male,89
Terrance,Male,81
Terrel,Male,66
Terrell,Male,26
Terrence,Male,81
Terri,Male,29
Terrill,Male,93
Terry,Male,28
Thacher,Male,42
Thad,Male,61
Thaddeus,Male,56
Thaddius,Male,78
Thaddus,Male,34
Thadeus,Male,48
Thain,Male,86
Thaine,Male,26
Thane,Male,87
Tharen,Male,47
Thatch,Male,25
Thatcher,Male,55
Thaxter,Male,37
Thayne,Male,62
Thebault,Male,78
Thedric,Male,80
Thedrick,Male,70
Theo,Male,35
Theobald,Male,61
Theodor,Male,97
Theodore,Male,30
Theodoric,Male,50
Theophyllus,Male,59
Thibaud,Male,93
Thibaut,Male,47
Thom,Male,77
Thomas,Male,37
Thor,Male,70
Thorn,Male,55
Thorndike,Male,59
Thornie,Male,85
Thornton,Male,87
Thorny,Male,54
Thorpe,Male,79
Thorstein,Male,50
Thorsten,Male,54
Thorvald,Male,93
Thurstan,Male,75
Thurston,Male,58
Tibold,Male,80
Tiebold,Male,96
Tiebout,Male,77
Tiler,Male,41
Tim,Male,91
Timmie,Male,95
Timmy,Male,25
Timothee,Male,66
Timotheus,Male,27
Timothy,Male,92
Tirrell,Male,53
Tito,Male,60
Titos,Male,78
Titus,Male,72
Tobe,Male,32
Tobiah,Male,70
Tobias,Male,46
Tobie,Male,63
Tobin,Male,28
Tobit,Male,90
Toby,Male,74
Tod,Male,25
Todd,Male,43
Toddie,Male,46
Toddy,Male,76
Tom,Male,71
Tomas,Male,58
Tome,Male,49
Tomkin,Male,57
Tomlin,Male,75
Tommie,Male,75
Tommy,Male,62
Tonnie,Male,24
Tony,Male,90
Tore,Male,45
Torey,Male,92
Torin,Male,80
Torr,Male,20
Torrance,Male,88
Torre,Male,21
Torrence,Male,84
Torrey,Male,59
Torrin,Male,49
Torry,Male,45
Town,Male,93
Towney,Male,40
Townie,Male,66
Townsend,Male,57
Towny,Male,92
Trace,Male,99
Tracey,Male,54
Tracie,Male,57
Tracy,Male,97
Traver,Male,53
Travers,Male,98
Travis,Male,70
Tray,Male,26
Tre,Male,36
Tremain,Male,75
Tremaine,Male,86
Tremayne,Male,62
Trent,Male,71
Trenton,Male,90
Trev,Male,69
Trevar,Male,64
Trever,Male,77
Trevor,Male,85
Trey,Male,79
Trip,Male,63
Tristan,Male,31
Troy,Male,45
Truman,Male,48
Tuck,Male,88
Tucker,Male,69
Tuckie,Male,26
Tucky,Male,86
Tudor,Male,23
Tull,Male,66
Tulley,Male,67
Tully,Male,41
Turner,Male,30
Ty,Male,90
Tybalt,Male,33
Tye,Male,41
Tyler,Male,53
Tymon,Male,85
Tymothy,Male,95
Tynan,Male,68
Tyrone,Male,23
Tyrus,Male,81
Tyson,Male,29
Udale,Male,29
Udall,Male,49
Udell,Male,77
Ugo,Male,69
Ulberto,Male,84
Uli,Male,91
Ulick,Male,22
Ulises,Male,40
Ulric,Male,42
Ulrich,Male,25
Ulrick,Male,76
Ulysses,Male,84
Umberto,Male,52
Upton,Male,60
Urbain,Male,62
Urban,Male,77
Urbano,Male,48
Urbanus,Male,98
Uri,Male,63
Uriah,Male,57
Uriel,Male,74
Urson,Male,71
Vachel,Male,49
Vaclav,Male,70
Vail,Male,40
Val,Male,95
Valdemar,Male,23
Vale,Male,57
Valentin,Male,36
Valentine,Male,26
Van,Male,41
Vance,Male,56
Vasili,Male,87
Vasilis,Male,86
Vasily,Male,79
Vassili,Male,51
Vassily,Male,33
Vaughan,Male,46
Vaughn,Male,96
Venkat,Male,73
Verge,Male,31
Vergil,Male,84
Vern,Male,84
Verne,Male,93
Vernen,Male,22
Verney,Male,77
Vernon,Male,93
Vernor,Male,47
Vibhu,Male,59
Vic,Male,97
Vick,Male,20
Victor,Male,81
Vijay,Male,69
Vilhelm,Male,58
Vin,Male,21
Vince,Male,95
Vincent,Male,37
Vincents,Male,52
Vinnie,Male,55
Vinny,Male,96
Vinod,Male,78
Virge,Male,57
Virgie,Male,38
Virgil,Male,77
Virgilio,Male,82
Vite,Male,21
Vito,Male,75
Vlad,Male,21
Vladamir,Male,99
Vladimir,Male,98
Voltaire,Male,31
Von,Male,55
Wade,Male,88
Wadsworth,Male,69
Wain,Male,37
Waine,Male,72
Wainwright,Male,25
Wait,Male,53
Waite,Male,73
Waiter,Male,82
Wake,Male,69
Wakefield,Male,96
Wald,Male,73
Waldemar,Male,32
Walden,Male,24
Waldo,Male,40
Waldon,Male,61
Waleed,Male,89
Walker,Male,43
Wallace,Male,85
Wallache,Male,33
Wallas,Male,28
Wallie,Male,86
Wallis,Male,80
Wally,Male,94
Walsh,Male,63
Walt,Male,97
Walter,Male,82
Walther,Male,85
Walton,Male,65
Wang,Male,22
Ward,Male,28
Warde,Male,22
Warden,Male,21
Ware,Male,29
Waring,Male,47
Warner,Male,23
Warren,Male,38
Wash,Male,83
Washington,Male,32
Wat,Male,64
Waverley,Male,83
Waverly,Male,99
Way,Male,88
Waylan,Male,98
Wayland,Male,91
Waylen,Male,42
Waylin,Male,95
Waylon,Male,20
Wayne,Male,45
Web,Male,60
Webb,Male,31
Weber,Male,75
Webster,Male,88
Weidar,Male,89
Weider,Male,66
Welbie,Male,68
Welby,Male,27
Welch,Male,93
Wells,Male,53
Welsh,Male,83
Wendall,Male,73
Wendel,Male,35
Wendell,Male,73
Werner,Male,68
Wes,Male,73
Wesley,Male,60
Weslie,Male,43
West,Male,51
Westbrook,Male,95
Westbrooke,Male,45
Westleigh,Male,63
Westley,Male,52
Weston,Male,72
Weylin,Male,57
Wheeler,Male,80
Whit,Male,25
Whitaker,Male,35
Whitby,Male,31
Whitman,Male,36
Whitney,Male,79
Whittaker,Male,30
Wiatt,Male,45
Wilber,Male,51
Wilbert,Male,43
Wilbur,Male,76
Wilburn,Male,50
Wilburt,Male,22
Wilden,Male,49
Wildon,Male,43
Wilek,Male,93
Wiley,Male,21
Wilfred,Male,92
Wilfrid,Male,74
Wilhelm,Male,55
Will,Male,79
Willard,Male,84
Willdon,Male,42
Willem,Male,82
Willey,Male,66
Willi,Male,53
William,Male,75
Willie,Male,30
Willis,Male,24
Willmott,Male,80
Willy,Male,95
Wilmar,Male,82
Wilmer,Male,52
Wilson,Male,88
Wilt,Male,74
Wilton,Male,44
Win,Male,56
Windham,Male,46
Winfield,Male,31
Winford,Male,76
Winfred,Male,73
Winifield,Male,21
Winn,Male,24
Winnie,Male,21
Winny,Male,91
Winslow,Male,83
Winston,Male,95
Winthrop,Male,98
Winton,Male,53
Wit,Male,54
Witold,Male,28
Wittie,Male,44
Witty,Male,77
Wojciech,Male,24
Wolf,Male,50
Wolfgang,Male,59
Wolfie,Male,38
Wolfram,Male,57
Wolfy,Male,58
Woochang,Male,50
Wood,Male,34
Woodie,Male,76
Woodman,Male,25
Woodrow,Male,91
Woody,Male,87
Worden,Male,36
Worth,Male,48
Worthington,Male,28
Worthy,Male,79
Wright,Male,34
Wyatan,Male,20
Wyatt,Male,98
Wye,Male,53
Wylie,Male,60
Wyn,Male,74
Wyndham,Male,51
Wynn,Male,61
Wynton,Male,52
Xavier,Male,26
Xenos,Male,63
Xerxes,Male,94
Xever,Male,79
Ximenes,Male,74
Ximenez,Male,81
Xymenes,Male,78
Yaakov,Male,80
Yacov,Male,64
Yale,Male,99
Yanaton,Male,48
Yance,Male,46
Yancey,Male,73
Yancy,Male,99
Yank,Male,43
Yankee,Male,23
Yard,Male,89
Yardley,Male,59
Yehudi,Male,92
Yigal,Male,55
Yule,Male,52
Yuri,Male,41
Yves,Male,52
Zach,Male,94
Zacharia,Male,84
Zachariah,Male,71
Zacharias,Male,25
Zacharie,Male,29
Zachary,Male,23
Zacherie,Male,40
Zachery,Male,87
Zack,Male,91
Zackariah,Male,37
Zak,Male,85
Zalman,Male,31
Zane,Male,77
Zared,Male,83
Zary,Male,81
Zeb,Male,57
Zebadiah,Male,25
Zebedee,Male,27
Zebulen,Male,56
Zebulon,Male,57
Zechariah,Male,73
Zed,Male,21
Zedekiah,Male,98
Zeke,Male,31
Zelig,Male,90
Zerk,Male,49
Zeus,Male,26
Zippy,Male,38
Zollie,Male,59
Zolly,Male,50
Zorro,Male,90
